FILIAL;CODTIPOCURSO;CODPROVA;PROVA;CODAREA;CODMATERIA;AVALIADOR;CURSO;SEQOBJETOAVALIADO;CODQUESTAO;QUESTAO;CODOPCAO;OPCAO;STATUS;RESPOSTA
2;12;00776;Avaliação Docente UniCatolica 2026.2;;;120334;Direito;;;NÃO RESPONDEU;0;Não Respondeu;EM ABERTO;
2;12;00776;Avaliação Docente UniCatolica 2026.2;;;125375;Arquitetura e Urbanismo;;;NÃO RESPONDEU;0;Não Respondeu;EM ABERTO;
2;12;00776;Avaliação Docente UniCatolica 2026.2;;;125375;Direito;;;NÃO RESPONDEU;0;Não Respondeu;EM ABERTO;
2;12;00776;Avaliação Docente UniCatolica 2026.2;;;125375;Engenharia Civil;;;NÃO RESPONDEU;0;Não Respondeu;EM ABERTO;
2;12;00776;Avaliação Docente UniCatolica 2026.2;;;125375;Engenharia de Software;;;NÃO RESPONDEU;0;Não Respondeu;EM ABERTO;
2;12;00776;Avaliação Docente UniCatolica 2026.2;;;216871;Direito;;;NÃO RESPONDEU;0;Não Respondeu;EM ABERTO;
2;12;00776;Avaliação Docente UniCatolica 2026.2;;;271864;Arquitetura e Urbanismo;;;NÃO RESPONDEU;0;Não Respondeu;EM ABERTO;
2;12;00776;Avaliação Docente UniCatolica 2026.2;;;271864;Direito;;;NÃO RESPONDEU;0;Não Respondeu;EM ABERTO;
2;12;00776;Avaliação Docente UniCatolica 2026.2;;;271864;Engenharia de Software;;;NÃO RESPONDEU;0;Não Respondeu;EM ABERTO;
2;12;00776;Avaliação Docente UniCatolica 2026.2;;;271864;Psicologia;;;NÃO RESPONDEU;0;Não Respondeu;EM ABERTO;
2;12;00776;Avaliação Docente UniCatolica 2026.2;;;303539;Engenharia de Software;;;NÃO RESPONDEU;0;Não Respondeu;EM ABERTO;
2;12;00776;Avaliação Docente UniCatolica 2026.2;;;303576;Direito;;;NÃO RESPONDEU;0;Não Respondeu;EM ABERTO;
2;12;00776;Avaliação Docente UniCatolica 2026.2;;;325150;Direito;;;NÃO RESPONDEU;0;Não Respondeu;EM ABERTO;
2;12;00776;Avaliação Docente UniCatolica 2026.2;;;349734;Agronomia;;;NÃO RESPONDEU;0;Não Respondeu;EM ABERTO;
2;12;00776;Avaliação Docente UniCatolica 2026.2;;;349734;Medicina Veterinária;;;NÃO RESPONDEU;0;Não Respondeu;EM ABERTO;
2;12;00776;Avaliação Docente UniCatolica 2026.2;;;349734;Zootecnia;;;NÃO RESPONDEU;0;Não Respondeu;EM ABERTO;
2;12;00776;Avaliação Docente UniCatolica 2026.2;;;816530;Direito;;;NÃO RESPONDEU;0;Não Respondeu;EM ABERTO;
2;12;00776;Avaliação Docente UniCatolica 2026.2;;;91164533;Administração;;;NÃO RESPONDEU;0;Não Respondeu;EM ABERTO;
2;12;00776;Avaliação Docente UniCatolica 2026.2;;;91164533;Biomedicina;;;NÃO RESPONDEU;0;Não Respondeu;EM ABERTO;
2;12;00776;Avaliação Docente UniCatolica 2026.2;;;91164533;Direito;;;NÃO RESPONDEU;0;Não Respondeu;EM ABERTO;
2;12;00776;Avaliação Docente UniCatolica 2026.2;;;91164533;Enfermagem;;;NÃO RESPONDEU;0;Não Respondeu;EM ABERTO;
2;12;00776;Avaliação Docente UniCatolica 2026.2;;;91164533;Farmácia;;;NÃO RESPONDEU;0;Não Respondeu;EM ABERTO;
2;12;00776;Avaliação Docente UniCatolica 2026.2;;;91164533;Medicina Veterinária;;;NÃO RESPONDEU;0;Não Respondeu;EM ABERTO;
2;12;00776;Avaliação Docente UniCatolica 2026.2;;;91164533;Psicologia;;;NÃO RESPONDEU;0;Não Respondeu;EM ABERTO;
2;12;00776;Avaliação Docente UniCatolica 2026.2;;;91215052;Engenharia de Software;;;NÃO RESPONDEU;0;Não Respondeu;EM ABERTO;
2;12;00776;Avaliação Docente UniCatolica 2026.2;;;91215052;Inteligência Artificial;;;NÃO RESPONDEU;0;Não Respondeu;EM ABERTO;
2;12;00776;Avaliação Docente UniCatolica 2026.2;;;91222549;Enfermagem;;;NÃO RESPONDEU;0;Não Respondeu;EM ABERTO;
2;12;00776;Avaliação Docente UniCatolica 2026.2;;;91271824;Medicina Veterinária;;;NÃO RESPONDEU;0;Não Respondeu;EM ABERTO;
2;12;00776;Avaliação Docente UniCatolica 2026.2;;;91272002;Agronomia;;;NÃO RESPONDEU;0;Não Respondeu;EM ABERTO;
2;12;00776;Avaliação Docente UniCatolica 2026.2;;;91272002;Zootecnia;;;NÃO RESPONDEU;0;Não Respondeu;EM ABERTO;
2;12;00776;Avaliação Docente UniCatolica 2026.2;;;91272192;Medicina Veterinária;;;NÃO RESPONDEU;0;Não Respondeu;EM ABERTO;
2;12;00776;Avaliação Docente UniCatolica 2026.2;;;91309767;Direito;;;NÃO RESPONDEU;0;Não Respondeu;EM ABERTO;
2;12;00776;Avaliação Docente UniCatolica 2026.2;;;91375388;Engenharia de Software;;;NÃO RESPONDEU;0;Não Respondeu;EM ABERTO;
2;12;00776;Avaliação Docente UniCatolica 2026.2;;;91389606;Medicina Veterinária;;;NÃO RESPONDEU;0;Não Respondeu;EM ABERTO;
2;12;00776;Avaliação Docente UniCatolica 2026.2;;;91535966;Medicina Veterinária;;;NÃO RESPONDEU;0;Não Respondeu;EM ABERTO;
2;12;00776;Avaliação Docente UniCatolica 2026.2;;;91557539;Medicina Veterinária;;;NÃO RESPONDEU;0;Não Respondeu;EM ABERTO;
2;12;00776;Avaliação Docente UniCatolica 2026.2;;;91562848;Direito;;;NÃO RESPONDEU;0;Não Respondeu;EM ABERTO;
2;12;00776;Avaliação Docente UniCatolica 2026.2;;;91579357;Medicina Veterinária;;;NÃO RESPONDEU;0;Não Respondeu;EM ABERTO;
2;12;00776;Avaliação Docente UniCatolica 2026.2;;;91718977;Medicina Veterinária;;;NÃO RESPONDEU;0;Não Respondeu;EM ABERTO;
2;12;00776;Avaliação Docente UniCatolica 2026.2;;;91756007;Direito;;;NÃO RESPONDEU;0;Não Respondeu;EM ABERTO;
2;12;00776;Avaliação Docente UniCatolica 2026.2;;;91756252;Direito;;;NÃO RESPONDEU;0;Não Respondeu;EM ABERTO;
2;12;00776;Avaliação Docente UniCatolica 2026.2;;;91805207;Direito;;;NÃO RESPONDEU;0;Não Respondeu;EM ABERTO;
2;12;00776;Avaliação Docente UniCatolica 2026.2;;;91817210;Enfermagem;;;NÃO RESPONDEU;0;Não Respondeu;EM ABERTO;
2;12;00776;Avaliação Docente UniCatolica 2026.2;;;91818177;Direito;;;NÃO RESPONDEU;0;Não Respondeu;EM ABERTO;
2;12;00776;Avaliação Docente UniCatolica 2026.2;;;91821975;Direito;;;NÃO RESPONDEU;0;Não Respondeu;EM ABERTO;
2;12;00776;Avaliação Docente UniCatolica 2026.2;;;91822308;Direito;;;NÃO RESPONDEU;0;Não Respondeu;EM ABERTO;
2;12;00776;Avaliação Docente UniCatolica 2026.2;;;91830054;Engenharia de Software;;;NÃO RESPONDEU;0;Não Respondeu;EM ABERTO;
2;12;00776;Avaliação Docente UniCatolica 2026.2;;;91845017;Engenharia de Software;;;NÃO RESPONDEU;0;Não Respondeu;EM ABERTO;
2;12;00776;Avaliação Docente UniCatolica 2026.2;;;91863302;Arquitetura e Urbanismo;;;NÃO RESPONDEU;0;Não Respondeu;EM ABERTO;
2;12;00776;Avaliação Docente UniCatolica 2026.2;;;91864006;Arquitetura e Urbanismo;;;NÃO RESPONDEU;0;Não Respondeu;EM ABERTO;
2;12;00776;Avaliação Docente UniCatolica 2026.2;;;91875261;Agronomia;;;NÃO RESPONDEU;0;Não Respondeu;EM ABERTO;
2;12;00776;Avaliação Docente UniCatolica 2026.2;;;91875261;Zootecnia;;;NÃO RESPONDEU;0;Não Respondeu;EM ABERTO;
2;12;00776;Avaliação Docente UniCatolica 2026.2;;;91899889;Engenharia de Software;;;NÃO RESPONDEU;0;Não Respondeu;EM ABERTO;
2;12;00776;Avaliação Docente UniCatolica 2026.2;;;91899889;Inteligência Artificial;;;NÃO RESPONDEU;0;Não Respondeu;EM ABERTO;
2;12;00776;Avaliação Docente UniCatolica 2026.2;;;91899936;Psicologia;;;NÃO RESPONDEU;0;Não Respondeu;EM ABERTO;
2;12;00776;Avaliação Docente UniCatolica 2026.2;;;91901004;Enfermagem;;;NÃO RESPONDEU;0;Não Respondeu;EM ABERTO;
2;12;00776;Avaliação Docente UniCatolica 2026.2;;;91901740;Biomedicina;;;NÃO RESPONDEU;0;Não Respondeu;EM ABERTO;
2;12;00776;Avaliação Docente UniCatolica 2026.2;;;91901740;Farmácia;;;NÃO RESPONDEU;0;Não Respondeu;EM ABERTO;
2;12;00776;Avaliação Docente UniCatolica 2026.2;;;91923163;Biomedicina;;;NÃO RESPONDEU;0;Não Respondeu;EM ABERTO;
2;12;00776;Avaliação Docente UniCatolica 2026.2;;;91923163;Farmácia;;;NÃO RESPONDEU;0;Não Respondeu;EM ABERTO;
2;12;00776;Avaliação Docente UniCatolica 2026.2;;;91923628;Arquitetura e Urbanismo;;;NÃO RESPONDEU;0;Não Respondeu;EM ABERTO;
2;12;00776;Avaliação Docente UniCatolica 2026.2;;;91923804;Enfermagem;;;NÃO RESPONDEU;0;Não Respondeu;EM ABERTO;
2;12;00776;Avaliação Docente UniCatolica 2026.2;;;91923959;Psicologia;;;NÃO RESPONDEU;0;Não Respondeu;EM ABERTO;
2;12;00776;Avaliação Docente UniCatolica 2026.2;;;91924479;Enfermagem;;;NÃO RESPONDEU;0;Não Respondeu;EM ABERTO;
2;12;00776;Avaliação Docente UniCatolica 2026.2;224;1;128131;Administração;206383;1;Atendimento pela Secretaria Acadêmica (agilidade e eficiência);C;Regular;CONCLUIDO;
2;12;00776;Avaliação Docente UniCatolica 2026.2;224;1;128131;Administração;206383;10;Adequação dos espaços de convivência;C;Regular;CONCLUIDO;
2;12;00776;Avaliação Docente UniCatolica 2026.2;224;1;128131;Administração;206383;11;Adequação dos serviços (terceirizados) da copiadora;C;Regular;CONCLUIDO;
2;12;00776;Avaliação Docente UniCatolica 2026.2;224;1;128131;Administração;206383;12;Adequação dos serviços (terceirizados) da lanchonete;D;Insatisfeito;CONCLUIDO;
2;12;00776;Avaliação Docente UniCatolica 2026.2;224;1;128131;Administração;206383;13;Segurança interna das unidades;C;Regular;CONCLUIDO;
2;12;00776;Avaliação Docente UniCatolica 2026.2;224;1;128131;Administração;206383;14;Segurança externa das unidades;C;Regular;CONCLUIDO;
2;12;00776;Avaliação Docente UniCatolica 2026.2;224;1;128131;Administração;206383;15;Comentários/Sugestões para melhorias:;;;CONCLUIDO;
2;12;00776;Avaliação Docente UniCatolica 2026.2;224;1;128131;Administração;206383;2;Valorização e desenvolvimento dos profissionais;C;Regular;CONCLUIDO;
2;12;00776;Avaliação Docente UniCatolica 2026.2;224;1;128131;Administração;206383;3;Transparência e participação gestão institucional;C;Regular;CONCLUIDO;
2;12;00776;Avaliação Docente UniCatolica 2026.2;224;1;128131;Administração;206383;4;Eficácia da comunicação interna;C;Regular;CONCLUIDO;
2;12;00776;Avaliação Docente UniCatolica 2026.2;224;1;128131;Administração;206383;5;Adequação dos espaços físicos para as atividades de ensino (Salas de aula, Biblioteca etc.);B;Bom;CONCLUIDO;
2;12;00776;Avaliação Docente UniCatolica 2026.2;224;1;128131;Administração;206383;6;Adequação da infraestrutura tecnológica às necessidades pedagógicas (internet sem fio, serviços digitais, sistemas etc.);C;Regular;CONCLUIDO;
2;12;00776;Avaliação Docente UniCatolica 2026.2;224;1;128131;Administração;206383;7;A acessibilidade aos espaços físicos;B;Bom;CONCLUIDO;
2;12;00776;Avaliação Docente UniCatolica 2026.2;224;1;128131;Administração;206383;8;Adequação da limpeza e conservação dos espaços (Sala de aula, banheiros, biblioteca etc.);B;Bom;CONCLUIDO;
2;12;00776;Avaliação Docente UniCatolica 2026.2;224;1;128131;Administração;206383;9;Clareza das normas de segurança para uso dos laboratórios;B;Bom;CONCLUIDO;
2;12;00776;Avaliação Docente UniCatolica 2026.2;224;1;128131;Agronomia;206383;1;Atendimento pela Secretaria Acadêmica (agilidade e eficiência);C;Regular;CONCLUIDO;
2;12;00776;Avaliação Docente UniCatolica 2026.2;224;1;128131;Agronomia;206383;10;Adequação dos espaços de convivência;C;Regular;CONCLUIDO;
2;12;00776;Avaliação Docente UniCatolica 2026.2;224;1;128131;Agronomia;206383;11;Adequação dos serviços (terceirizados) da copiadora;C;Regular;CONCLUIDO;
2;12;00776;Avaliação Docente UniCatolica 2026.2;224;1;128131;Agronomia;206383;12;Adequação dos serviços (terceirizados) da lanchonete;D;Insatisfeito;CONCLUIDO;
2;12;00776;Avaliação Docente UniCatolica 2026.2;224;1;128131;Agronomia;206383;13;Segurança interna das unidades;C;Regular;CONCLUIDO;
2;12;00776;Avaliação Docente UniCatolica 2026.2;224;1;128131;Agronomia;206383;14;Segurança externa das unidades;C;Regular;CONCLUIDO;
2;12;00776;Avaliação Docente UniCatolica 2026.2;224;1;128131;Agronomia;206383;15;Comentários/Sugestões para melhorias:;;;CONCLUIDO;
2;12;00776;Avaliação Docente UniCatolica 2026.2;224;1;128131;Agronomia;206383;2;Valorização e desenvolvimento dos profissionais;C;Regular;CONCLUIDO;
2;12;00776;Avaliação Docente UniCatolica 2026.2;224;1;128131;Agronomia;206383;3;Transparência e participação gestão institucional;C;Regular;CONCLUIDO;
2;12;00776;Avaliação Docente UniCatolica 2026.2;224;1;128131;Agronomia;206383;4;Eficácia da comunicação interna;C;Regular;CONCLUIDO;
2;12;00776;Avaliação Docente UniCatolica 2026.2;224;1;128131;Agronomia;206383;5;Adequação dos espaços físicos para as atividades de ensino (Salas de aula, Biblioteca etc.);B;Bom;CONCLUIDO;
2;12;00776;Avaliação Docente UniCatolica 2026.2;224;1;128131;Agronomia;206383;6;Adequação da infraestrutura tecnológica às necessidades pedagógicas (internet sem fio, serviços digitais, sistemas etc.);C;Regular;CONCLUIDO;
2;12;00776;Avaliação Docente UniCatolica 2026.2;224;1;128131;Agronomia;206383;7;A acessibilidade aos espaços físicos;B;Bom;CONCLUIDO;
2;12;00776;Avaliação Docente UniCatolica 2026.2;224;1;128131;Agronomia;206383;8;Adequação da limpeza e conservação dos espaços (Sala de aula, banheiros, biblioteca etc.);B;Bom;CONCLUIDO;
2;12;00776;Avaliação Docente UniCatolica 2026.2;224;1;128131;Agronomia;206383;9;Clareza das normas de segurança para uso dos laboratórios;B;Bom;CONCLUIDO;
2;12;00776;Avaliação Docente UniCatolica 2026.2;224;1;128131;Ciências Contábeis;206383;1;Atendimento pela Secretaria Acadêmica (agilidade e eficiência);C;Regular;CONCLUIDO;
2;12;00776;Avaliação Docente UniCatolica 2026.2;224;1;128131;Ciências Contábeis;206383;10;Adequação dos espaços de convivência;C;Regular;CONCLUIDO;
2;12;00776;Avaliação Docente UniCatolica 2026.2;224;1;128131;Ciências Contábeis;206383;11;Adequação dos serviços (terceirizados) da copiadora;C;Regular;CONCLUIDO;
2;12;00776;Avaliação Docente UniCatolica 2026.2;224;1;128131;Ciências Contábeis;206383;12;Adequação dos serviços (terceirizados) da lanchonete;D;Insatisfeito;CONCLUIDO;
2;12;00776;Avaliação Docente UniCatolica 2026.2;224;1;128131;Ciências Contábeis;206383;13;Segurança interna das unidades;C;Regular;CONCLUIDO;
2;12;00776;Avaliação Docente UniCatolica 2026.2;224;1;128131;Ciências Contábeis;206383;14;Segurança externa das unidades;C;Regular;CONCLUIDO;
2;12;00776;Avaliação Docente UniCatolica 2026.2;224;1;128131;Ciências Contábeis;206383;15;Comentários/Sugestões para melhorias:;;;CONCLUIDO;
2;12;00776;Avaliação Docente UniCatolica 2026.2;224;1;128131;Ciências Contábeis;206383;2;Valorização e desenvolvimento dos profissionais;C;Regular;CONCLUIDO;
2;12;00776;Avaliação Docente UniCatolica 2026.2;224;1;128131;Ciências Contábeis;206383;3;Transparência e participação gestão institucional;C;Regular;CONCLUIDO;
2;12;00776;Avaliação Docente UniCatolica 2026.2;224;1;128131;Ciências Contábeis;206383;4;Eficácia da comunicação interna;C;Regular;CONCLUIDO;
2;12;00776;Avaliação Docente UniCatolica 2026.2;224;1;128131;Ciências Contábeis;206383;5;Adequação dos espaços físicos para as atividades de ensino (Salas de aula, Biblioteca etc.);B;Bom;CONCLUIDO;
2;12;00776;Avaliação Docente UniCatolica 2026.2;224;1;128131;Ciências Contábeis;206383;6;Adequação da infraestrutura tecnológica às necessidades pedagógicas (internet sem fio, serviços digitais, sistemas etc.);C;Regular;CONCLUIDO;
2;12;00776;Avaliação Docente UniCatolica 2026.2;224;1;128131;Ciências Contábeis;206383;7;A acessibilidade aos espaços físicos;B;Bom;CONCLUIDO;
2;12;00776;Avaliação Docente UniCatolica 2026.2;224;1;128131;Ciências Contábeis;206383;8;Adequação da limpeza e conservação dos espaços (Sala de aula, banheiros, biblioteca etc.);B;Bom;CONCLUIDO;
2;12;00776;Avaliação Docente UniCatolica 2026.2;224;1;128131;Ciências Contábeis;206383;9;Clareza das normas de segurança para uso dos laboratórios;B;Bom;CONCLUIDO;
2;12;00776;Avaliação Docente UniCatolica 2026.2;224;1;128131;Direito;206383;1;Atendimento pela Secretaria Acadêmica (agilidade e eficiência);C;Regular;CONCLUIDO;
2;12;00776;Avaliação Docente UniCatolica 2026.2;224;1;128131;Direito;206383;10;Adequação dos espaços de convivência;C;Regular;CONCLUIDO;
2;12;00776;Avaliação Docente UniCatolica 2026.2;224;1;128131;Direito;206383;11;Adequação dos serviços (terceirizados) da copiadora;C;Regular;CONCLUIDO;
2;12;00776;Avaliação Docente UniCatolica 2026.2;224;1;128131;Direito;206383;12;Adequação dos serviços (terceirizados) da lanchonete;D;Insatisfeito;CONCLUIDO;
2;12;00776;Avaliação Docente UniCatolica 2026.2;224;1;128131;Direito;206383;13;Segurança interna das unidades;C;Regular;CONCLUIDO;
2;12;00776;Avaliação Docente UniCatolica 2026.2;224;1;128131;Direito;206383;14;Segurança externa das unidades;C;Regular;CONCLUIDO;
2;12;00776;Avaliação Docente UniCatolica 2026.2;224;1;128131;Direito;206383;15;Comentários/Sugestões para melhorias:;;;CONCLUIDO;
2;12;00776;Avaliação Docente UniCatolica 2026.2;224;1;128131;Direito;206383;2;Valorização e desenvolvimento dos profissionais;C;Regular;CONCLUIDO;
2;12;00776;Avaliação Docente UniCatolica 2026.2;224;1;128131;Direito;206383;3;Transparência e participação gestão institucional;C;Regular;CONCLUIDO;
2;12;00776;Avaliação Docente UniCatolica 2026.2;224;1;128131;Direito;206383;4;Eficácia da comunicação interna;C;Regular;CONCLUIDO;
2;12;00776;Avaliação Docente UniCatolica 2026.2;224;1;128131;Direito;206383;5;Adequação dos espaços físicos para as atividades de ensino (Salas de aula, Biblioteca etc.);B;Bom;CONCLUIDO;
2;12;00776;Avaliação Docente UniCatolica 2026.2;224;1;128131;Direito;206383;6;Adequação da infraestrutura tecnológica às necessidades pedagógicas (internet sem fio, serviços digitais, sistemas etc.);C;Regular;CONCLUIDO;
2;12;00776;Avaliação Docente UniCatolica 2026.2;224;1;128131;Direito;206383;7;A acessibilidade aos espaços físicos;B;Bom;CONCLUIDO;
2;12;00776;Avaliação Docente UniCatolica 2026.2;224;1;128131;Direito;206383;8;Adequação da limpeza e conservação dos espaços (Sala de aula, banheiros, biblioteca etc.);B;Bom;CONCLUIDO;
2;12;00776;Avaliação Docente UniCatolica 2026.2;224;1;128131;Direito;206383;9;Clareza das normas de segurança para uso dos laboratórios;B;Bom;CONCLUIDO;
2;12;00776;Avaliação Docente UniCatolica 2026.2;224;1;128131;Engenharia de Software;206383;1;Atendimento pela Secretaria Acadêmica (agilidade e eficiência);C;Regular;CONCLUIDO;
2;12;00776;Avaliação Docente UniCatolica 2026.2;224;1;128131;Engenharia de Software;206383;10;Adequação dos espaços de convivência;C;Regular;CONCLUIDO;
2;12;00776;Avaliação Docente UniCatolica 2026.2;224;1;128131;Engenharia de Software;206383;11;Adequação dos serviços (terceirizados) da copiadora;C;Regular;CONCLUIDO;
2;12;00776;Avaliação Docente UniCatolica 2026.2;224;1;128131;Engenharia de Software;206383;12;Adequação dos serviços (terceirizados) da lanchonete;D;Insatisfeito;CONCLUIDO;
2;12;00776;Avaliação Docente UniCatolica 2026.2;224;1;128131;Engenharia de Software;206383;13;Segurança interna das unidades;C;Regular;CONCLUIDO;
2;12;00776;Avaliação Docente UniCatolica 2026.2;224;1;128131;Engenharia de Software;206383;14;Segurança externa das unidades;C;Regular;CONCLUIDO;
2;12;00776;Avaliação Docente UniCatolica 2026.2;224;1;128131;Engenharia de Software;206383;15;Comentários/Sugestões para melhorias:;;;CONCLUIDO;
2;12;00776;Avaliação Docente UniCatolica 2026.2;224;1;128131;Engenharia de Software;206383;2;Valorização e desenvolvimento dos profissionais;C;Regular;CONCLUIDO;
2;12;00776;Avaliação Docente UniCatolica 2026.2;224;1;128131;Engenharia de Software;206383;3;Transparência e participação gestão institucional;C;Regular;CONCLUIDO;
2;12;00776;Avaliação Docente UniCatolica 2026.2;224;1;128131;Engenharia de Software;206383;4;Eficácia da comunicação interna;C;Regular;CONCLUIDO;
2;12;00776;Avaliação Docente UniCatolica 2026.2;224;1;128131;Engenharia de Software;206383;5;Adequação dos espaços físicos para as atividades de ensino (Salas de aula, Biblioteca etc.);B;Bom;CONCLUIDO;
2;12;00776;Avaliação Docente UniCatolica 2026.2;224;1;128131;Engenharia de Software;206383;6;Adequação da infraestrutura tecnológica às necessidades pedagógicas (internet sem fio, serviços digitais, sistemas etc.);C;Regular;CONCLUIDO;
2;12;00776;Avaliação Docente UniCatolica 2026.2;224;1;128131;Engenharia de Software;206383;7;A acessibilidade aos espaços físicos;B;Bom;CONCLUIDO;
2;12;00776;Avaliação Docente UniCatolica 2026.2;224;1;128131;Engenharia de Software;206383;8;Adequação da limpeza e conservação dos espaços (Sala de aula, banheiros, biblioteca etc.);B;Bom;CONCLUIDO;
2;12;00776;Avaliação Docente UniCatolica 2026.2;224;1;128131;Engenharia de Software;206383;9;Clareza das normas de segurança para uso dos laboratórios;B;Bom;CONCLUIDO;
2;12;00776;Avaliação Docente UniCatolica 2026.2;224;1;128131;Medicina Veterinária;206383;1;Atendimento pela Secretaria Acadêmica (agilidade e eficiência);C;Regular;CONCLUIDO;
2;12;00776;Avaliação Docente UniCatolica 2026.2;224;1;128131;Medicina Veterinária;206383;10;Adequação dos espaços de convivência;C;Regular;CONCLUIDO;
2;12;00776;Avaliação Docente UniCatolica 2026.2;224;1;128131;Medicina Veterinária;206383;11;Adequação dos serviços (terceirizados) da copiadora;C;Regular;CONCLUIDO;
2;12;00776;Avaliação Docente UniCatolica 2026.2;224;1;128131;Medicina Veterinária;206383;12;Adequação dos serviços (terceirizados) da lanchonete;D;Insatisfeito;CONCLUIDO;
2;12;00776;Avaliação Docente UniCatolica 2026.2;224;1;128131;Medicina Veterinária;206383;13;Segurança interna das unidades;C;Regular;CONCLUIDO;
2;12;00776;Avaliação Docente UniCatolica 2026.2;224;1;128131;Medicina Veterinária;206383;14;Segurança externa das unidades;C;Regular;CONCLUIDO;
2;12;00776;Avaliação Docente UniCatolica 2026.2;224;1;128131;Medicina Veterinária;206383;15;Comentários/Sugestões para melhorias:;;;CONCLUIDO;
2;12;00776;Avaliação Docente UniCatolica 2026.2;224;1;128131;Medicina Veterinária;206383;2;Valorização e desenvolvimento dos profissionais;C;Regular;CONCLUIDO;
2;12;00776;Avaliação Docente UniCatolica 2026.2;224;1;128131;Medicina Veterinária;206383;3;Transparência e participação gestão institucional;C;Regular;CONCLUIDO;
2;12;00776;Avaliação Docente UniCatolica 2026.2;224;1;128131;Medicina Veterinária;206383;4;Eficácia da comunicação interna;C;Regular;CONCLUIDO;
2;12;00776;Avaliação Docente UniCatolica 2026.2;224;1;128131;Medicina Veterinária;206383;5;Adequação dos espaços físicos para as atividades de ensino (Salas de aula, Biblioteca etc.);B;Bom;CONCLUIDO;
2;12;00776;Avaliação Docente UniCatolica 2026.2;224;1;128131;Medicina Veterinária;206383;6;Adequação da infraestrutura tecnológica às necessidades pedagógicas (internet sem fio, serviços digitais, sistemas etc.);C;Regular;CONCLUIDO;
2;12;00776;Avaliação Docente UniCatolica 2026.2;224;1;128131;Medicina Veterinária;206383;7;A acessibilidade aos espaços físicos;B;Bom;CONCLUIDO;
2;12;00776;Avaliação Docente UniCatolica 2026.2;224;1;128131;Medicina Veterinária;206383;8;Adequação da limpeza e conservação dos espaços (Sala de aula, banheiros, biblioteca etc.);B;Bom;CONCLUIDO;
2;12;00776;Avaliação Docente UniCatolica 2026.2;224;1;128131;Medicina Veterinária;206383;9;Clareza das normas de segurança para uso dos laboratórios;B;Bom;CONCLUIDO;
2;12;00776;Avaliação Docente UniCatolica 2026.2;224;1;128131;Psicologia;206383;1;Atendimento pela Secretaria Acadêmica (agilidade e eficiência);C;Regular;CONCLUIDO;
2;12;00776;Avaliação Docente UniCatolica 2026.2;224;1;128131;Psicologia;206383;10;Adequação dos espaços de convivência;C;Regular;CONCLUIDO;
2;12;00776;Avaliação Docente UniCatolica 2026.2;224;1;128131;Psicologia;206383;11;Adequação dos serviços (terceirizados) da copiadora;C;Regular;CONCLUIDO;
2;12;00776;Avaliação Docente UniCatolica 2026.2;224;1;128131;Psicologia;206383;12;Adequação dos serviços (terceirizados) da lanchonete;D;Insatisfeito;CONCLUIDO;
2;12;00776;Avaliação Docente UniCatolica 2026.2;224;1;128131;Psicologia;206383;13;Segurança interna das unidades;C;Regular;CONCLUIDO;
2;12;00776;Avaliação Docente UniCatolica 2026.2;224;1;128131;Psicologia;206383;14;Segurança externa das unidades;C;Regular;CONCLUIDO;
2;12;00776;Avaliação Docente UniCatolica 2026.2;224;1;128131;Psicologia;206383;15;Comentários/Sugestões para melhorias:;;;CONCLUIDO;
2;12;00776;Avaliação Docente UniCatolica 2026.2;224;1;128131;Psicologia;206383;2;Valorização e desenvolvimento dos profissionais;C;Regular;CONCLUIDO;
2;12;00776;Avaliação Docente UniCatolica 2026.2;224;1;128131;Psicologia;206383;3;Transparência e participação gestão institucional;C;Regular;CONCLUIDO;
2;12;00776;Avaliação Docente UniCatolica 2026.2;224;1;128131;Psicologia;206383;4;Eficácia da comunicação interna;C;Regular;CONCLUIDO;
2;12;00776;Avaliação Docente UniCatolica 2026.2;224;1;128131;Psicologia;206383;5;Adequação dos espaços físicos para as atividades de ensino (Salas de aula, Biblioteca etc.);B;Bom;CONCLUIDO;
2;12;00776;Avaliação Docente UniCatolica 2026.2;224;1;128131;Psicologia;206383;6;Adequação da infraestrutura tecnológica às necessidades pedagógicas (internet sem fio, serviços digitais, sistemas etc.);C;Regular;CONCLUIDO;
2;12;00776;Avaliação Docente UniCatolica 2026.2;224;1;128131;Psicologia;206383;7;A acessibilidade aos espaços físicos;B;Bom;CONCLUIDO;
2;12;00776;Avaliação Docente UniCatolica 2026.2;224;1;128131;Psicologia;206383;8;Adequação da limpeza e conservação dos espaços (Sala de aula, banheiros, biblioteca etc.);B;Bom;CONCLUIDO;
2;12;00776;Avaliação Docente UniCatolica 2026.2;224;1;128131;Psicologia;206383;9;Clareza das normas de segurança para uso dos laboratórios;B;Bom;CONCLUIDO;
2;12;00776;Avaliação Docente UniCatolica 2026.2;224;1;132184;Agronomia;206383;1;Atendimento pela Secretaria Acadêmica (agilidade e eficiência);A;Excelente;CONCLUIDO;
2;12;00776;Avaliação Docente UniCatolica 2026.2;224;1;132184;Agronomia;206383;10;Adequação dos espaços de convivência;A;Excelente;CONCLUIDO;
2;12;00776;Avaliação Docente UniCatolica 2026.2;224;1;132184;Agronomia;206383;11;Adequação dos serviços (terceirizados) da copiadora;A;Excelente;CONCLUIDO;
2;12;00776;Avaliação Docente UniCatolica 2026.2;224;1;132184;Agronomia;206383;12;Adequação dos serviços (terceirizados) da lanchonete;A;Excelente;CONCLUIDO;
2;12;00776;Avaliação Docente UniCatolica 2026.2;224;1;132184;Agronomia;206383;13;Segurança interna das unidades;A;Excelente;CONCLUIDO;
2;12;00776;Avaliação Docente UniCatolica 2026.2;224;1;132184;Agronomia;206383;14;Segurança externa das unidades;A;Excelente;CONCLUIDO;
2;12;00776;Avaliação Docente UniCatolica 2026.2;224;1;132184;Agronomia;206383;15;Comentários/Sugestões para melhorias:;;;CONCLUIDO;.
2;12;00776;Avaliação Docente UniCatolica 2026.2;224;1;132184;Agronomia;206383;2;Valorização e desenvolvimento dos profissionais;A;Excelente;CONCLUIDO;
2;12;00776;Avaliação Docente UniCatolica 2026.2;224;1;132184;Agronomia;206383;3;Transparência e participação gestão institucional;A;Excelente;CONCLUIDO;
2;12;00776;Avaliação Docente UniCatolica 2026.2;224;1;132184;Agronomia;206383;4;Eficácia da comunicação interna;A;Excelente;CONCLUIDO;
2;12;00776;Avaliação Docente UniCatolica 2026.2;224;1;132184;Agronomia;206383;5;Adequação dos espaços físicos para as atividades de ensino (Salas de aula, Biblioteca etc.);A;Excelente;CONCLUIDO;
2;12;00776;Avaliação Docente UniCatolica 2026.2;224;1;132184;Agronomia;206383;6;Adequação da infraestrutura tecnológica às necessidades pedagógicas (internet sem fio, serviços digitais, sistemas etc.);A;Excelente;CONCLUIDO;
2;12;00776;Avaliação Docente UniCatolica 2026.2;224;1;132184;Agronomia;206383;7;A acessibilidade aos espaços físicos;A;Excelente;CONCLUIDO;
2;12;00776;Avaliação Docente UniCatolica 2026.2;224;1;132184;Agronomia;206383;8;Adequação da limpeza e conservação dos espaços (Sala de aula, banheiros, biblioteca etc.);A;Excelente;CONCLUIDO;
2;12;00776;Avaliação Docente UniCatolica 2026.2;224;1;132184;Agronomia;206383;9;Clareza das normas de segurança para uso dos laboratórios;A;Excelente;CONCLUIDO;
2;12;00776;Avaliação Docente UniCatolica 2026.2;224;1;132184;Engenharia Civil;206383;1;Atendimento pela Secretaria Acadêmica (agilidade e eficiência);A;Excelente;CONCLUIDO;
2;12;00776;Avaliação Docente UniCatolica 2026.2;224;1;132184;Engenharia Civil;206383;10;Adequação dos espaços de convivência;A;Excelente;CONCLUIDO;
2;12;00776;Avaliação Docente UniCatolica 2026.2;224;1;132184;Engenharia Civil;206383;11;Adequação dos serviços (terceirizados) da copiadora;A;Excelente;CONCLUIDO;
2;12;00776;Avaliação Docente UniCatolica 2026.2;224;1;132184;Engenharia Civil;206383;12;Adequação dos serviços (terceirizados) da lanchonete;A;Excelente;CONCLUIDO;
2;12;00776;Avaliação Docente UniCatolica 2026.2;224;1;132184;Engenharia Civil;206383;13;Segurança interna das unidades;A;Excelente;CONCLUIDO;
2;12;00776;Avaliação Docente UniCatolica 2026.2;224;1;132184;Engenharia Civil;206383;14;Segurança externa das unidades;A;Excelente;CONCLUIDO;
2;12;00776;Avaliação Docente UniCatolica 2026.2;224;1;132184;Engenharia Civil;206383;15;Comentários/Sugestões para melhorias:;;;CONCLUIDO;.
2;12;00776;Avaliação Docente UniCatolica 2026.2;224;1;132184;Engenharia Civil;206383;2;Valorização e desenvolvimento dos profissionais;A;Excelente;CONCLUIDO;
2;12;00776;Avaliação Docente UniCatolica 2026.2;224;1;132184;Engenharia Civil;206383;3;Transparência e participação gestão institucional;A;Excelente;CONCLUIDO;
2;12;00776;Avaliação Docente UniCatolica 2026.2;224;1;132184;Engenharia Civil;206383;4;Eficácia da comunicação interna;A;Excelente;CONCLUIDO;
2;12;00776;Avaliação Docente UniCatolica 2026.2;224;1;132184;Engenharia Civil;206383;5;Adequação dos espaços físicos para as atividades de ensino (Salas de aula, Biblioteca etc.);A;Excelente;CONCLUIDO;
2;12;00776;Avaliação Docente UniCatolica 2026.2;224;1;132184;Engenharia Civil;206383;6;Adequação da infraestrutura tecnológica às necessidades pedagógicas (internet sem fio, serviços digitais, sistemas etc.);A;Excelente;CONCLUIDO;
2;12;00776;Avaliação Docente UniCatolica 2026.2;224;1;132184;Engenharia Civil;206383;7;A acessibilidade aos espaços físicos;A;Excelente;CONCLUIDO;
2;12;00776;Avaliação Docente UniCatolica 2026.2;224;1;132184;Engenharia Civil;206383;8;Adequação da limpeza e conservação dos espaços (Sala de aula, banheiros, biblioteca etc.);A;Excelente;CONCLUIDO;
2;12;00776;Avaliação Docente UniCatolica 2026.2;224;1;132184;Engenharia Civil;206383;9;Clareza das normas de segurança para uso dos laboratórios;A;Excelente;CONCLUIDO;
2;12;00776;Avaliação Docente UniCatolica 2026.2;224;1;132184;Engenharia de Software;206383;1;Atendimento pela Secretaria Acadêmica (agilidade e eficiência);A;Excelente;CONCLUIDO;
2;12;00776;Avaliação Docente UniCatolica 2026.2;224;1;132184;Engenharia de Software;206383;10;Adequação dos espaços de convivência;A;Excelente;CONCLUIDO;
2;12;00776;Avaliação Docente UniCatolica 2026.2;224;1;132184;Engenharia de Software;206383;11;Adequação dos serviços (terceirizados) da copiadora;A;Excelente;CONCLUIDO;
2;12;00776;Avaliação Docente UniCatolica 2026.2;224;1;132184;Engenharia de Software;206383;12;Adequação dos serviços (terceirizados) da lanchonete;A;Excelente;CONCLUIDO;
2;12;00776;Avaliação Docente UniCatolica 2026.2;224;1;132184;Engenharia de Software;206383;13;Segurança interna das unidades;A;Excelente;CONCLUIDO;
2;12;00776;Avaliação Docente UniCatolica 2026.2;224;1;132184;Engenharia de Software;206383;14;Segurança externa das unidades;A;Excelente;CONCLUIDO;
2;12;00776;Avaliação Docente UniCatolica 2026.2;224;1;132184;Engenharia de Software;206383;15;Comentários/Sugestões para melhorias:;;;CONCLUIDO;.
2;12;00776;Avaliação Docente UniCatolica 2026.2;224;1;132184;Engenharia de Software;206383;2;Valorização e desenvolvimento dos profissionais;A;Excelente;CONCLUIDO;
2;12;00776;Avaliação Docente UniCatolica 2026.2;224;1;132184;Engenharia de Software;206383;3;Transparência e participação gestão institucional;A;Excelente;CONCLUIDO;
2;12;00776;Avaliação Docente UniCatolica 2026.2;224;1;132184;Engenharia de Software;206383;4;Eficácia da comunicação interna;A;Excelente;CONCLUIDO;
2;12;00776;Avaliação Docente UniCatolica 2026.2;224;1;132184;Engenharia de Software;206383;5;Adequação dos espaços físicos para as atividades de ensino (Salas de aula, Biblioteca etc.);A;Excelente;CONCLUIDO;
2;12;00776;Avaliação Docente UniCatolica 2026.2;224;1;132184;Engenharia de Software;206383;6;Adequação da infraestrutura tecnológica às necessidades pedagógicas (internet sem fio, serviços digitais, sistemas etc.);A;Excelente;CONCLUIDO;
2;12;00776;Avaliação Docente UniCatolica 2026.2;224;1;132184;Engenharia de Software;206383;7;A acessibilidade aos espaços físicos;A;Excelente;CONCLUIDO;
2;12;00776;Avaliação Docente UniCatolica 2026.2;224;1;132184;Engenharia de Software;206383;8;Adequação da limpeza e conservação dos espaços (Sala de aula, banheiros, biblioteca etc.);A;Excelente;CONCLUIDO;
2;12;00776;Avaliação Docente UniCatolica 2026.2;224;1;132184;Engenharia de Software;206383;9;Clareza das normas de segurança para uso dos laboratórios;A;Excelente;CONCLUIDO;
2;12;00776;Avaliação Docente UniCatolica 2026.2;224;1;132184;Zootecnia;206383;1;Atendimento pela Secretaria Acadêmica (agilidade e eficiência);A;Excelente;CONCLUIDO;
2;12;00776;Avaliação Docente UniCatolica 2026.2;224;1;132184;Zootecnia;206383;10;Adequação dos espaços de convivência;A;Excelente;CONCLUIDO;
2;12;00776;Avaliação Docente UniCatolica 2026.2;224;1;132184;Zootecnia;206383;11;Adequação dos serviços (terceirizados) da copiadora;A;Excelente;CONCLUIDO;
2;12;00776;Avaliação Docente UniCatolica 2026.2;224;1;132184;Zootecnia;206383;12;Adequação dos serviços (terceirizados) da lanchonete;A;Excelente;CONCLUIDO;
2;12;00776;Avaliação Docente UniCatolica 2026.2;224;1;132184;Zootecnia;206383;13;Segurança interna das unidades;A;Excelente;CONCLUIDO;
2;12;00776;Avaliação Docente UniCatolica 2026.2;224;1;132184;Zootecnia;206383;14;Segurança externa das unidades;A;Excelente;CONCLUIDO;
2;12;00776;Avaliação Docente UniCatolica 2026.2;224;1;132184;Zootecnia;206383;15;Comentários/Sugestões para melhorias:;;;CONCLUIDO;.
2;12;00776;Avaliação Docente UniCatolica 2026.2;224;1;132184;Zootecnia;206383;2;Valorização e desenvolvimento dos profissionais;A;Excelente;CONCLUIDO;
2;12;00776;Avaliação Docente UniCatolica 2026.2;224;1;132184;Zootecnia;206383;3;Transparência e participação gestão institucional;A;Excelente;CONCLUIDO;
2;12;00776;Avaliação Docente UniCatolica 2026.2;224;1;132184;Zootecnia;206383;4;Eficácia da comunicação interna;A;Excelente;CONCLUIDO;
2;12;00776;Avaliação Docente UniCatolica 2026.2;224;1;132184;Zootecnia;206383;5;Adequação dos espaços físicos para as atividades de ensino (Salas de aula, Biblioteca etc.);A;Excelente;CONCLUIDO;
2;12;00776;Avaliação Docente UniCatolica 2026.2;224;1;132184;Zootecnia;206383;6;Adequação da infraestrutura tecnológica às necessidades pedagógicas (internet sem fio, serviços digitais, sistemas etc.);A;Excelente;CONCLUIDO;
2;12;00776;Avaliação Docente UniCatolica 2026.2;224;1;132184;Zootecnia;206383;7;A acessibilidade aos espaços físicos;A;Excelente;CONCLUIDO;
2;12;00776;Avaliação Docente UniCatolica 2026.2;224;1;132184;Zootecnia;206383;8;Adequação da limpeza e conservação dos espaços (Sala de aula, banheiros, biblioteca etc.);A;Excelente;CONCLUIDO;
2;12;00776;Avaliação Docente UniCatolica 2026.2;224;1;132184;Zootecnia;206383;9;Clareza das normas de segurança para uso dos laboratórios;A;Excelente;CONCLUIDO;
2;12;00776;Avaliação Docente UniCatolica 2026.2;224;1;275125;Direito;206383;1;Atendimento pela Secretaria Acadêmica (agilidade e eficiência);A;Excelente;CONCLUIDO;
2;12;00776;Avaliação Docente UniCatolica 2026.2;224;1;275125;Direito;206383;10;Adequação dos espaços de convivência;A;Excelente;CONCLUIDO;
2;12;00776;Avaliação Docente UniCatolica 2026.2;224;1;275125;Direito;206383;11;Adequação dos serviços (terceirizados) da copiadora;A;Excelente;CONCLUIDO;
2;12;00776;Avaliação Docente UniCatolica 2026.2;224;1;275125;Direito;206383;12;Adequação dos serviços (terceirizados) da lanchonete;A;Excelente;CONCLUIDO;
2;12;00776;Avaliação Docente UniCatolica 2026.2;224;1;275125;Direito;206383;13;Segurança interna das unidades;B;Bom;CONCLUIDO;
2;12;00776;Avaliação Docente UniCatolica 2026.2;224;1;275125;Direito;206383;14;Segurança externa das unidades;B;Bom;CONCLUIDO;
2;12;00776;Avaliação Docente UniCatolica 2026.2;224;1;275125;Direito;206383;15;Comentários/Sugestões para melhorias:;;;CONCLUIDO;
2;12;00776;Avaliação Docente UniCatolica 2026.2;224;1;275125;Direito;206383;2;Valorização e desenvolvimento dos profissionais;A;Excelente;CONCLUIDO;
2;12;00776;Avaliação Docente UniCatolica 2026.2;224;1;275125;Direito;206383;3;Transparência e participação gestão institucional;A;Excelente;CONCLUIDO;
2;12;00776;Avaliação Docente UniCatolica 2026.2;224;1;275125;Direito;206383;4;Eficácia da comunicação interna;A;Excelente;CONCLUIDO;
2;12;00776;Avaliação Docente UniCatolica 2026.2;224;1;275125;Direito;206383;5;Adequação dos espaços físicos para as atividades de ensino (Salas de aula, Biblioteca etc.);A;Excelente;CONCLUIDO;
2;12;00776;Avaliação Docente UniCatolica 2026.2;224;1;275125;Direito;206383;6;Adequação da infraestrutura tecnológica às necessidades pedagógicas (internet sem fio, serviços digitais, sistemas etc.);A;Excelente;CONCLUIDO;
2;12;00776;Avaliação Docente UniCatolica 2026.2;224;1;275125;Direito;206383;7;A acessibilidade aos espaços físicos;A;Excelente;CONCLUIDO;
2;12;00776;Avaliação Docente UniCatolica 2026.2;224;1;275125;Direito;206383;8;Adequação da limpeza e conservação dos espaços (Sala de aula, banheiros, biblioteca etc.);A;Excelente;CONCLUIDO;
2;12;00776;Avaliação Docente UniCatolica 2026.2;224;1;275125;Direito;206383;9;Clareza das normas de segurança para uso dos laboratórios;A;Excelente;CONCLUIDO;
2;12;00776;Avaliação Docente UniCatolica 2026.2;224;1;676449;Agronomia;206383;1;Atendimento pela Secretaria Acadêmica (agilidade e eficiência);C;Regular;CONCLUIDO;
2;12;00776;Avaliação Docente UniCatolica 2026.2;224;1;676449;Agronomia;206383;10;Adequação dos espaços de convivência;D;Insatisfeito;CONCLUIDO;
2;12;00776;Avaliação Docente UniCatolica 2026.2;224;1;676449;Agronomia;206383;11;Adequação dos serviços (terceirizados) da copiadora;C;Regular;CONCLUIDO;
2;12;00776;Avaliação Docente UniCatolica 2026.2;224;1;676449;Agronomia;206383;12;Adequação dos serviços (terceirizados) da lanchonete;C;Regular;CONCLUIDO;
2;12;00776;Avaliação Docente UniCatolica 2026.2;224;1;676449;Agronomia;206383;13;Segurança interna das unidades;B;Bom;CONCLUIDO;
2;12;00776;Avaliação Docente UniCatolica 2026.2;224;1;676449;Agronomia;206383;14;Segurança externa das unidades;B;Bom;CONCLUIDO;
2;12;00776;Avaliação Docente UniCatolica 2026.2;224;1;676449;Agronomia;206383;15;Comentários/Sugestões para melhorias:;;;CONCLUIDO;Área de convivência muito quente, na seca fica muita mosca na comida, pó e vento. Nas águas a chuva entra dentro do ambiente da cantina, o que precariza a higiene do local.
2;12;00776;Avaliação Docente UniCatolica 2026.2;224;1;676449;Agronomia;206383;2;Valorização e desenvolvimento dos profissionais;B;Bom;CONCLUIDO;
2;12;00776;Avaliação Docente UniCatolica 2026.2;224;1;676449;Agronomia;206383;3;Transparência e participação gestão institucional;B;Bom;CONCLUIDO;
2;12;00776;Avaliação Docente UniCatolica 2026.2;224;1;676449;Agronomia;206383;4;Eficácia da comunicação interna;C;Regular;CONCLUIDO;
2;12;00776;Avaliação Docente UniCatolica 2026.2;224;1;676449;Agronomia;206383;5;Adequação dos espaços físicos para as atividades de ensino (Salas de aula, Biblioteca etc.);B;Bom;CONCLUIDO;
2;12;00776;Avaliação Docente UniCatolica 2026.2;224;1;676449;Agronomia;206383;6;Adequação da infraestrutura tecnológica às necessidades pedagógicas (internet sem fio, serviços digitais, sistemas etc.);B;Bom;CONCLUIDO;
2;12;00776;Avaliação Docente UniCatolica 2026.2;224;1;676449;Agronomia;206383;7;A acessibilidade aos espaços físicos;C;Regular;CONCLUIDO;
2;12;00776;Avaliação Docente UniCatolica 2026.2;224;1;676449;Agronomia;206383;8;Adequação da limpeza e conservação dos espaços (Sala de aula, banheiros, biblioteca etc.);B;Bom;CONCLUIDO;
2;12;00776;Avaliação Docente UniCatolica 2026.2;224;1;676449;Agronomia;206383;9;Clareza das normas de segurança para uso dos laboratórios;B;Bom;CONCLUIDO;
2;12;00776;Avaliação Docente UniCatolica 2026.2;224;1;676449;Medicina Veterinária;206383;1;Atendimento pela Secretaria Acadêmica (agilidade e eficiência);C;Regular;CONCLUIDO;
2;12;00776;Avaliação Docente UniCatolica 2026.2;224;1;676449;Medicina Veterinária;206383;10;Adequação dos espaços de convivência;D;Insatisfeito;CONCLUIDO;
2;12;00776;Avaliação Docente UniCatolica 2026.2;224;1;676449;Medicina Veterinária;206383;11;Adequação dos serviços (terceirizados) da copiadora;C;Regular;CONCLUIDO;
2;12;00776;Avaliação Docente UniCatolica 2026.2;224;1;676449;Medicina Veterinária;206383;12;Adequação dos serviços (terceirizados) da lanchonete;C;Regular;CONCLUIDO;
2;12;00776;Avaliação Docente UniCatolica 2026.2;224;1;676449;Medicina Veterinária;206383;13;Segurança interna das unidades;B;Bom;CONCLUIDO;
2;12;00776;Avaliação Docente UniCatolica 2026.2;224;1;676449;Medicina Veterinária;206383;14;Segurança externa das unidades;B;Bom;CONCLUIDO;
2;12;00776;Avaliação Docente UniCatolica 2026.2;224;1;676449;Medicina Veterinária;206383;15;Comentários/Sugestões para melhorias:;;;CONCLUIDO;Área de convivência muito quente, na seca fica muita mosca na comida, pó e vento. Nas águas a chuva entra dentro do ambiente da cantina, o que precariza a higiene do local.
2;12;00776;Avaliação Docente UniCatolica 2026.2;224;1;676449;Medicina Veterinária;206383;2;Valorização e desenvolvimento dos profissionais;B;Bom;CONCLUIDO;
2;12;00776;Avaliação Docente UniCatolica 2026.2;224;1;676449;Medicina Veterinária;206383;3;Transparência e participação gestão institucional;B;Bom;CONCLUIDO;
2;12;00776;Avaliação Docente UniCatolica 2026.2;224;1;676449;Medicina Veterinária;206383;4;Eficácia da comunicação interna;C;Regular;CONCLUIDO;
2;12;00776;Avaliação Docente UniCatolica 2026.2;224;1;676449;Medicina Veterinária;206383;5;Adequação dos espaços físicos para as atividades de ensino (Salas de aula, Biblioteca etc.);B;Bom;CONCLUIDO;
2;12;00776;Avaliação Docente UniCatolica 2026.2;224;1;676449;Medicina Veterinária;206383;6;Adequação da infraestrutura tecnológica às necessidades pedagógicas (internet sem fio, serviços digitais, sistemas etc.);B;Bom;CONCLUIDO;
2;12;00776;Avaliação Docente UniCatolica 2026.2;224;1;676449;Medicina Veterinária;206383;7;A acessibilidade aos espaços físicos;C;Regular;CONCLUIDO;
2;12;00776;Avaliação Docente UniCatolica 2026.2;224;1;676449;Medicina Veterinária;206383;8;Adequação da limpeza e conservação dos espaços (Sala de aula, banheiros, biblioteca etc.);B;Bom;CONCLUIDO;
2;12;00776;Avaliação Docente UniCatolica 2026.2;224;1;676449;Medicina Veterinária;206383;9;Clareza das normas de segurança para uso dos laboratórios;B;Bom;CONCLUIDO;
2;12;00776;Avaliação Docente UniCatolica 2026.2;224;1;676449;Zootecnia;206383;1;Atendimento pela Secretaria Acadêmica (agilidade e eficiência);C;Regular;CONCLUIDO;
2;12;00776;Avaliação Docente UniCatolica 2026.2;224;1;676449;Zootecnia;206383;10;Adequação dos espaços de convivência;D;Insatisfeito;CONCLUIDO;
2;12;00776;Avaliação Docente UniCatolica 2026.2;224;1;676449;Zootecnia;206383;11;Adequação dos serviços (terceirizados) da copiadora;C;Regular;CONCLUIDO;
2;12;00776;Avaliação Docente UniCatolica 2026.2;224;1;676449;Zootecnia;206383;12;Adequação dos serviços (terceirizados) da lanchonete;C;Regular;CONCLUIDO;
2;12;00776;Avaliação Docente UniCatolica 2026.2;224;1;676449;Zootecnia;206383;13;Segurança interna das unidades;B;Bom;CONCLUIDO;
2;12;00776;Avaliação Docente UniCatolica 2026.2;224;1;676449;Zootecnia;206383;14;Segurança externa das unidades;B;Bom;CONCLUIDO;
2;12;00776;Avaliação Docente UniCatolica 2026.2;224;1;676449;Zootecnia;206383;15;Comentários/Sugestões para melhorias:;;;CONCLUIDO;Área de convivência muito quente, na seca fica muita mosca na comida, pó e vento. Nas águas a chuva entra dentro do ambiente da cantina, o que precariza a higiene do local.
2;12;00776;Avaliação Docente UniCatolica 2026.2;224;1;676449;Zootecnia;206383;2;Valorização e desenvolvimento dos profissionais;B;Bom;CONCLUIDO;
2;12;00776;Avaliação Docente UniCatolica 2026.2;224;1;676449;Zootecnia;206383;3;Transparência e participação gestão institucional;B;Bom;CONCLUIDO;
2;12;00776;Avaliação Docente UniCatolica 2026.2;224;1;676449;Zootecnia;206383;4;Eficácia da comunicação interna;C;Regular;CONCLUIDO;
2;12;00776;Avaliação Docente UniCatolica 2026.2;224;1;676449;Zootecnia;206383;5;Adequação dos espaços físicos para as atividades de ensino (Salas de aula, Biblioteca etc.);B;Bom;CONCLUIDO;
2;12;00776;Avaliação Docente UniCatolica 2026.2;224;1;676449;Zootecnia;206383;6;Adequação da infraestrutura tecnológica às necessidades pedagógicas (internet sem fio, serviços digitais, sistemas etc.);B;Bom;CONCLUIDO;
2;12;00776;Avaliação Docente UniCatolica 2026.2;224;1;676449;Zootecnia;206383;7;A acessibilidade aos espaços físicos;C;Regular;CONCLUIDO;
2;12;00776;Avaliação Docente UniCatolica 2026.2;224;1;676449;Zootecnia;206383;8;Adequação da limpeza e conservação dos espaços (Sala de aula, banheiros, biblioteca etc.);B;Bom;CONCLUIDO;
2;12;00776;Avaliação Docente UniCatolica 2026.2;224;1;676449;Zootecnia;206383;9;Clareza das normas de segurança para uso dos laboratórios;B;Bom;CONCLUIDO;
2;12;00776;Avaliação Docente UniCatolica 2026.2;224;1;708759;Medicina Veterinária;206383;1;Atendimento pela Secretaria Acadêmica (agilidade e eficiência);C;Regular;CONCLUIDO;
2;12;00776;Avaliação Docente UniCatolica 2026.2;224;1;708759;Medicina Veterinária;206383;10;Adequação dos espaços de convivência;B;Bom;CONCLUIDO;
2;12;00776;Avaliação Docente UniCatolica 2026.2;224;1;708759;Medicina Veterinária;206383;11;Adequação dos serviços (terceirizados) da copiadora;D;Insatisfeito;CONCLUIDO;
2;12;00776;Avaliação Docente UniCatolica 2026.2;224;1;708759;Medicina Veterinária;206383;12;Adequação dos serviços (terceirizados) da lanchonete;C;Regular;CONCLUIDO;
2;12;00776;Avaliação Docente UniCatolica 2026.2;224;1;708759;Medicina Veterinária;206383;13;Segurança interna das unidades;B;Bom;CONCLUIDO;
2;12;00776;Avaliação Docente UniCatolica 2026.2;224;1;708759;Medicina Veterinária;206383;14;Segurança externa das unidades;B;Bom;CONCLUIDO;
2;12;00776;Avaliação Docente UniCatolica 2026.2;224;1;708759;Medicina Veterinária;206383;15;Comentários/Sugestões para melhorias:;;;CONCLUIDO;
2;12;00776;Avaliação Docente UniCatolica 2026.2;224;1;708759;Medicina Veterinária;206383;2;Valorização e desenvolvimento dos profissionais;C;Regular;CONCLUIDO;
2;12;00776;Avaliação Docente UniCatolica 2026.2;224;1;708759;Medicina Veterinária;206383;3;Transparência e participação gestão institucional;C;Regular;CONCLUIDO;
2;12;00776;Avaliação Docente UniCatolica 2026.2;224;1;708759;Medicina Veterinária;206383;4;Eficácia da comunicação interna;B;Bom;CONCLUIDO;
2;12;00776;Avaliação Docente UniCatolica 2026.2;224;1;708759;Medicina Veterinária;206383;5;Adequação dos espaços físicos para as atividades de ensino (Salas de aula, Biblioteca etc.);A;Excelente;CONCLUIDO;
2;12;00776;Avaliação Docente UniCatolica 2026.2;224;1;708759;Medicina Veterinária;206383;6;Adequação da infraestrutura tecnológica às necessidades pedagógicas (internet sem fio, serviços digitais, sistemas etc.);B;Bom;CONCLUIDO;
2;12;00776;Avaliação Docente UniCatolica 2026.2;224;1;708759;Medicina Veterinária;206383;7;A acessibilidade aos espaços físicos;B;Bom;CONCLUIDO;
2;12;00776;Avaliação Docente UniCatolica 2026.2;224;1;708759;Medicina Veterinária;206383;8;Adequação da limpeza e conservação dos espaços (Sala de aula, banheiros, biblioteca etc.);A;Excelente;CONCLUIDO;
2;12;00776;Avaliação Docente UniCatolica 2026.2;224;1;708759;Medicina Veterinária;206383;9;Clareza das normas de segurança para uso dos laboratórios;A;Excelente;CONCLUIDO;
2;12;00776;Avaliação Docente UniCatolica 2026.2;224;1;708759;Zootecnia;206383;1;Atendimento pela Secretaria Acadêmica (agilidade e eficiência);C;Regular;CONCLUIDO;
2;12;00776;Avaliação Docente UniCatolica 2026.2;224;1;708759;Zootecnia;206383;10;Adequação dos espaços de convivência;B;Bom;CONCLUIDO;
2;12;00776;Avaliação Docente UniCatolica 2026.2;224;1;708759;Zootecnia;206383;11;Adequação dos serviços (terceirizados) da copiadora;D;Insatisfeito;CONCLUIDO;
2;12;00776;Avaliação Docente UniCatolica 2026.2;224;1;708759;Zootecnia;206383;12;Adequação dos serviços (terceirizados) da lanchonete;C;Regular;CONCLUIDO;
2;12;00776;Avaliação Docente UniCatolica 2026.2;224;1;708759;Zootecnia;206383;13;Segurança interna das unidades;B;Bom;CONCLUIDO;
2;12;00776;Avaliação Docente UniCatolica 2026.2;224;1;708759;Zootecnia;206383;14;Segurança externa das unidades;B;Bom;CONCLUIDO;
2;12;00776;Avaliação Docente UniCatolica 2026.2;224;1;708759;Zootecnia;206383;15;Comentários/Sugestões para melhorias:;;;CONCLUIDO;
2;12;00776;Avaliação Docente UniCatolica 2026.2;224;1;708759;Zootecnia;206383;2;Valorização e desenvolvimento dos profissionais;C;Regular;CONCLUIDO;
2;12;00776;Avaliação Docente UniCatolica 2026.2;224;1;708759;Zootecnia;206383;3;Transparência e participação gestão institucional;C;Regular;CONCLUIDO;
2;12;00776;Avaliação Docente UniCatolica 2026.2;224;1;708759;Zootecnia;206383;4;Eficácia da comunicação interna;B;Bom;CONCLUIDO;
2;12;00776;Avaliação Docente UniCatolica 2026.2;224;1;708759;Zootecnia;206383;5;Adequação dos espaços físicos para as atividades de ensino (Salas de aula, Biblioteca etc.);A;Excelente;CONCLUIDO;
2;12;00776;Avaliação Docente UniCatolica 2026.2;224;1;708759;Zootecnia;206383;6;Adequação da infraestrutura tecnológica às necessidades pedagógicas (internet sem fio, serviços digitais, sistemas etc.);B;Bom;CONCLUIDO;
2;12;00776;Avaliação Docente UniCatolica 2026.2;224;1;708759;Zootecnia;206383;7;A acessibilidade aos espaços físicos;B;Bom;CONCLUIDO;
2;12;00776;Avaliação Docente UniCatolica 2026.2;224;1;708759;Zootecnia;206383;8;Adequação da limpeza e conservação dos espaços (Sala de aula, banheiros, biblioteca etc.);A;Excelente;CONCLUIDO;
2;12;00776;Avaliação Docente UniCatolica 2026.2;224;1;708759;Zootecnia;206383;9;Clareza das normas de segurança para uso dos laboratórios;A;Excelente;CONCLUIDO;
2;12;00776;Avaliação Docente UniCatolica 2026.2;224;1;793629;Agronomia;206383;1;Atendimento pela Secretaria Acadêmica (agilidade e eficiência);B;Bom;CONCLUIDO;
2;12;00776;Avaliação Docente UniCatolica 2026.2;224;1;793629;Agronomia;206383;10;Adequação dos espaços de convivência;B;Bom;CONCLUIDO;
2;12;00776;Avaliação Docente UniCatolica 2026.2;224;1;793629;Agronomia;206383;11;Adequação dos serviços (terceirizados) da copiadora;B;Bom;CONCLUIDO;
2;12;00776;Avaliação Docente UniCatolica 2026.2;224;1;793629;Agronomia;206383;12;Adequação dos serviços (terceirizados) da lanchonete;C;Regular;CONCLUIDO;
2;12;00776;Avaliação Docente UniCatolica 2026.2;224;1;793629;Agronomia;206383;13;Segurança interna das unidades;C;Regular;CONCLUIDO;
2;12;00776;Avaliação Docente UniCatolica 2026.2;224;1;793629;Agronomia;206383;14;Segurança externa das unidades;C;Regular;CONCLUIDO;
2;12;00776;Avaliação Docente UniCatolica 2026.2;224;1;793629;Agronomia;206383;15;Comentários/Sugestões para melhorias:;;;CONCLUIDO;
2;12;00776;Avaliação Docente UniCatolica 2026.2;224;1;793629;Agronomia;206383;2;Valorização e desenvolvimento dos profissionais;C;Regular;CONCLUIDO;
2;12;00776;Avaliação Docente UniCatolica 2026.2;224;1;793629;Agronomia;206383;3;Transparência e participação gestão institucional;B;Bom;CONCLUIDO;
2;12;00776;Avaliação Docente UniCatolica 2026.2;224;1;793629;Agronomia;206383;4;Eficácia da comunicação interna;B;Bom;CONCLUIDO;
2;12;00776;Avaliação Docente UniCatolica 2026.2;224;1;793629;Agronomia;206383;5;Adequação dos espaços físicos para as atividades de ensino (Salas de aula, Biblioteca etc.);B;Bom;CONCLUIDO;
2;12;00776;Avaliação Docente UniCatolica 2026.2;224;1;793629;Agronomia;206383;6;Adequação da infraestrutura tecnológica às necessidades pedagógicas (internet sem fio, serviços digitais, sistemas etc.);C;Regular;CONCLUIDO;
2;12;00776;Avaliação Docente UniCatolica 2026.2;224;1;793629;Agronomia;206383;7;A acessibilidade aos espaços físicos;B;Bom;CONCLUIDO;
2;12;00776;Avaliação Docente UniCatolica 2026.2;224;1;793629;Agronomia;206383;8;Adequação da limpeza e conservação dos espaços (Sala de aula, banheiros, biblioteca etc.);B;Bom;CONCLUIDO;
2;12;00776;Avaliação Docente UniCatolica 2026.2;224;1;793629;Agronomia;206383;9;Clareza das normas de segurança para uso dos laboratórios;B;Bom;CONCLUIDO;
2;12;00776;Avaliação Docente UniCatolica 2026.2;224;1;90941012;Psicologia;206383;1;Atendimento pela Secretaria Acadêmica (agilidade e eficiência);A;Excelente;CONCLUIDO;
2;12;00776;Avaliação Docente UniCatolica 2026.2;224;1;90941012;Psicologia;206383;10;Adequação dos espaços de convivência;A;Excelente;CONCLUIDO;
2;12;00776;Avaliação Docente UniCatolica 2026.2;224;1;90941012;Psicologia;206383;11;Adequação dos serviços (terceirizados) da copiadora;A;Excelente;CONCLUIDO;
2;12;00776;Avaliação Docente UniCatolica 2026.2;224;1;90941012;Psicologia;206383;12;Adequação dos serviços (terceirizados) da lanchonete;A;Excelente;CONCLUIDO;
2;12;00776;Avaliação Docente UniCatolica 2026.2;224;1;90941012;Psicologia;206383;13;Segurança interna das unidades;A;Excelente;CONCLUIDO;
2;12;00776;Avaliação Docente UniCatolica 2026.2;224;1;90941012;Psicologia;206383;14;Segurança externa das unidades;A;Excelente;CONCLUIDO;
2;12;00776;Avaliação Docente UniCatolica 2026.2;224;1;90941012;Psicologia;206383;15;Comentários/Sugestões para melhorias:;;;CONCLUIDO;Está havendo uma reforma no Bloco I e tudo está muito empoeirado. Passam-se muitos dias com os corredores, escadas, corrimóes, salas empoeirados.Fiquei com a impressão que a lavagem do piso (que só presenciei uma vez) é feita com o uso de uma máquina, o que impede a retirada da poeira de todos os lugares. Dessa forma, os ambientes ficam sempre um pouco empoeirados gerando alergia e rouquidão.
2;12;00776;Avaliação Docente UniCatolica 2026.2;224;1;90941012;Psicologia;206383;2;Valorização e desenvolvimento dos profissionais;A;Excelente;CONCLUIDO;
2;12;00776;Avaliação Docente UniCatolica 2026.2;224;1;90941012;Psicologia;206383;3;Transparência e participação gestão institucional;A;Excelente;CONCLUIDO;
2;12;00776;Avaliação Docente UniCatolica 2026.2;224;1;90941012;Psicologia;206383;4;Eficácia da comunicação interna;A;Excelente;CONCLUIDO;
2;12;00776;Avaliação Docente UniCatolica 2026.2;224;1;90941012;Psicologia;206383;5;Adequação dos espaços físicos para as atividades de ensino (Salas de aula, Biblioteca etc.);A;Excelente;CONCLUIDO;
2;12;00776;Avaliação Docente UniCatolica 2026.2;224;1;90941012;Psicologia;206383;6;Adequação da infraestrutura tecnológica às necessidades pedagógicas (internet sem fio, serviços digitais, sistemas etc.);B;Bom;CONCLUIDO;
2;12;00776;Avaliação Docente UniCatolica 2026.2;224;1;90941012;Psicologia;206383;7;A acessibilidade aos espaços físicos;B;Bom;CONCLUIDO;
2;12;00776;Avaliação Docente UniCatolica 2026.2;224;1;90941012;Psicologia;206383;8;Adequação da limpeza e conservação dos espaços (Sala de aula, banheiros, biblioteca etc.);C;Regular;CONCLUIDO;
2;12;00776;Avaliação Docente UniCatolica 2026.2;224;1;90941012;Psicologia;206383;9;Clareza das normas de segurança para uso dos laboratórios;A;Excelente;CONCLUIDO;
2;12;00776;Avaliação Docente UniCatolica 2026.2;224;1;91243695;Engenharia de Software;206383;1;Atendimento pela Secretaria Acadêmica (agilidade e eficiência);B;Bom;CONCLUIDO;
2;12;00776;Avaliação Docente UniCatolica 2026.2;224;1;91243695;Engenharia de Software;206383;10;Adequação dos espaços de convivência;C;Regular;CONCLUIDO;
2;12;00776;Avaliação Docente UniCatolica 2026.2;224;1;91243695;Engenharia de Software;206383;11;Adequação dos serviços (terceirizados) da copiadora;B;Bom;CONCLUIDO;
2;12;00776;Avaliação Docente UniCatolica 2026.2;224;1;91243695;Engenharia de Software;206383;12;Adequação dos serviços (terceirizados) da lanchonete;B;Bom;CONCLUIDO;
2;12;00776;Avaliação Docente UniCatolica 2026.2;224;1;91243695;Engenharia de Software;206383;13;Segurança interna das unidades;A;Excelente;CONCLUIDO;
2;12;00776;Avaliação Docente UniCatolica 2026.2;224;1;91243695;Engenharia de Software;206383;14;Segurança externa das unidades;B;Bom;CONCLUIDO;
2;12;00776;Avaliação Docente UniCatolica 2026.2;224;1;91243695;Engenharia de Software;206383;15;Comentários/Sugestões para melhorias:;;;CONCLUIDO;Não temos mais cafeteiras na sala dos professores do Bloco I e nem no espaço de convivência do Bloco II. Na secretaria, a cafeteira já está dando problemas também.
2;12;00776;Avaliação Docente UniCatolica 2026.2;224;1;91243695;Engenharia de Software;206383;2;Valorização e desenvolvimento dos profissionais;A;Excelente;CONCLUIDO;
2;12;00776;Avaliação Docente UniCatolica 2026.2;224;1;91243695;Engenharia de Software;206383;3;Transparência e participação gestão institucional;A;Excelente;CONCLUIDO;
2;12;00776;Avaliação Docente UniCatolica 2026.2;224;1;91243695;Engenharia de Software;206383;4;Eficácia da comunicação interna;B;Bom;CONCLUIDO;
2;12;00776;Avaliação Docente UniCatolica 2026.2;224;1;91243695;Engenharia de Software;206383;5;Adequação dos espaços físicos para as atividades de ensino (Salas de aula, Biblioteca etc.);A;Excelente;CONCLUIDO;
2;12;00776;Avaliação Docente UniCatolica 2026.2;224;1;91243695;Engenharia de Software;206383;6;Adequação da infraestrutura tecnológica às necessidades pedagógicas (internet sem fio, serviços digitais, sistemas etc.);A;Excelente;CONCLUIDO;
2;12;00776;Avaliação Docente UniCatolica 2026.2;224;1;91243695;Engenharia de Software;206383;7;A acessibilidade aos espaços físicos;A;Excelente;CONCLUIDO;
2;12;00776;Avaliação Docente UniCatolica 2026.2;224;1;91243695;Engenharia de Software;206383;8;Adequação da limpeza e conservação dos espaços (Sala de aula, banheiros, biblioteca etc.);A;Excelente;CONCLUIDO;
2;12;00776;Avaliação Docente UniCatolica 2026.2;224;1;91243695;Engenharia de Software;206383;9;Clareza das normas de segurança para uso dos laboratórios;A;Excelente;CONCLUIDO;
2;12;00776;Avaliação Docente UniCatolica 2026.2;224;1;91243695;Engenharia Elétrica;206383;1;Atendimento pela Secretaria Acadêmica (agilidade e eficiência);B;Bom;CONCLUIDO;
2;12;00776;Avaliação Docente UniCatolica 2026.2;224;1;91243695;Engenharia Elétrica;206383;10;Adequação dos espaços de convivência;C;Regular;CONCLUIDO;
2;12;00776;Avaliação Docente UniCatolica 2026.2;224;1;91243695;Engenharia Elétrica;206383;11;Adequação dos serviços (terceirizados) da copiadora;B;Bom;CONCLUIDO;
2;12;00776;Avaliação Docente UniCatolica 2026.2;224;1;91243695;Engenharia Elétrica;206383;12;Adequação dos serviços (terceirizados) da lanchonete;B;Bom;CONCLUIDO;
2;12;00776;Avaliação Docente UniCatolica 2026.2;224;1;91243695;Engenharia Elétrica;206383;13;Segurança interna das unidades;A;Excelente;CONCLUIDO;
2;12;00776;Avaliação Docente UniCatolica 2026.2;224;1;91243695;Engenharia Elétrica;206383;14;Segurança externa das unidades;B;Bom;CONCLUIDO;
2;12;00776;Avaliação Docente UniCatolica 2026.2;224;1;91243695;Engenharia Elétrica;206383;15;Comentários/Sugestões para melhorias:;;;CONCLUIDO;Não temos mais cafeteiras na sala dos professores do Bloco I e nem no espaço de convivência do Bloco II. Na secretaria, a cafeteira já está dando problemas também.
2;12;00776;Avaliação Docente UniCatolica 2026.2;224;1;91243695;Engenharia Elétrica;206383;2;Valorização e desenvolvimento dos profissionais;A;Excelente;CONCLUIDO;
2;12;00776;Avaliação Docente UniCatolica 2026.2;224;1;91243695;Engenharia Elétrica;206383;3;Transparência e participação gestão institucional;A;Excelente;CONCLUIDO;
2;12;00776;Avaliação Docente UniCatolica 2026.2;224;1;91243695;Engenharia Elétrica;206383;4;Eficácia da comunicação interna;B;Bom;CONCLUIDO;
2;12;00776;Avaliação Docente UniCatolica 2026.2;224;1;91243695;Engenharia Elétrica;206383;5;Adequação dos espaços físicos para as atividades de ensino (Salas de aula, Biblioteca etc.);A;Excelente;CONCLUIDO;
2;12;00776;Avaliação Docente UniCatolica 2026.2;224;1;91243695;Engenharia Elétrica;206383;6;Adequação da infraestrutura tecnológica às necessidades pedagógicas (internet sem fio, serviços digitais, sistemas etc.);A;Excelente;CONCLUIDO;
2;12;00776;Avaliação Docente UniCatolica 2026.2;224;1;91243695;Engenharia Elétrica;206383;7;A acessibilidade aos espaços físicos;A;Excelente;CONCLUIDO;
2;12;00776;Avaliação Docente UniCatolica 2026.2;224;1;91243695;Engenharia Elétrica;206383;8;Adequação da limpeza e conservação dos espaços (Sala de aula, banheiros, biblioteca etc.);A;Excelente;CONCLUIDO;
2;12;00776;Avaliação Docente UniCatolica 2026.2;224;1;91243695;Engenharia Elétrica;206383;9;Clareza das normas de segurança para uso dos laboratórios;A;Excelente;CONCLUIDO;
2;12;00776;Avaliação Docente UniCatolica 2026.2;224;1;91249775;Arquitetura e Urbanismo;206383;1;Atendimento pela Secretaria Acadêmica (agilidade e eficiência);B;Bom;CONCLUIDO;
2;12;00776;Avaliação Docente UniCatolica 2026.2;224;1;91249775;Arquitetura e Urbanismo;206383;10;Adequação dos espaços de convivência;B;Bom;CONCLUIDO;
2;12;00776;Avaliação Docente UniCatolica 2026.2;224;1;91249775;Arquitetura e Urbanismo;206383;11;Adequação dos serviços (terceirizados) da copiadora;A;Excelente;CONCLUIDO;
2;12;00776;Avaliação Docente UniCatolica 2026.2;224;1;91249775;Arquitetura e Urbanismo;206383;12;Adequação dos serviços (terceirizados) da lanchonete;C;Regular;CONCLUIDO;
2;12;00776;Avaliação Docente UniCatolica 2026.2;224;1;91249775;Arquitetura e Urbanismo;206383;13;Segurança interna das unidades;B;Bom;CONCLUIDO;
2;12;00776;Avaliação Docente UniCatolica 2026.2;224;1;91249775;Arquitetura e Urbanismo;206383;14;Segurança externa das unidades;B;Bom;CONCLUIDO;
2;12;00776;Avaliação Docente UniCatolica 2026.2;224;1;91249775;Arquitetura e Urbanismo;206383;15;Comentários/Sugestões para melhorias:;;;CONCLUIDO;
2;12;00776;Avaliação Docente UniCatolica 2026.2;224;1;91249775;Arquitetura e Urbanismo;206383;2;Valorização e desenvolvimento dos profissionais;A;Excelente;CONCLUIDO;
2;12;00776;Avaliação Docente UniCatolica 2026.2;224;1;91249775;Arquitetura e Urbanismo;206383;3;Transparência e participação gestão institucional;A;Excelente;CONCLUIDO;
2;12;00776;Avaliação Docente UniCatolica 2026.2;224;1;91249775;Arquitetura e Urbanismo;206383;4;Eficácia da comunicação interna;B;Bom;CONCLUIDO;
2;12;00776;Avaliação Docente UniCatolica 2026.2;224;1;91249775;Arquitetura e Urbanismo;206383;5;Adequação dos espaços físicos para as atividades de ensino (Salas de aula, Biblioteca etc.);B;Bom;CONCLUIDO;
2;12;00776;Avaliação Docente UniCatolica 2026.2;224;1;91249775;Arquitetura e Urbanismo;206383;6;Adequação da infraestrutura tecnológica às necessidades pedagógicas (internet sem fio, serviços digitais, sistemas etc.);C;Regular;CONCLUIDO;
2;12;00776;Avaliação Docente UniCatolica 2026.2;224;1;91249775;Arquitetura e Urbanismo;206383;7;A acessibilidade aos espaços físicos;B;Bom;CONCLUIDO;
2;12;00776;Avaliação Docente UniCatolica 2026.2;224;1;91249775;Arquitetura e Urbanismo;206383;8;Adequação da limpeza e conservação dos espaços (Sala de aula, banheiros, biblioteca etc.);C;Regular;CONCLUIDO;
2;12;00776;Avaliação Docente UniCatolica 2026.2;224;1;91249775;Arquitetura e Urbanismo;206383;9;Clareza das normas de segurança para uso dos laboratórios;A;Excelente;CONCLUIDO;
2;12;00776;Avaliação Docente UniCatolica 2026.2;224;1;91278136;Administração;206383;1;Atendimento pela Secretaria Acadêmica (agilidade e eficiência);A;Excelente;CONCLUIDO;
2;12;00776;Avaliação Docente UniCatolica 2026.2;224;1;91278136;Administração;206383;10;Adequação dos espaços de convivência;A;Excelente;CONCLUIDO;
2;12;00776;Avaliação Docente UniCatolica 2026.2;224;1;91278136;Administração;206383;11;Adequação dos serviços (terceirizados) da copiadora;A;Excelente;CONCLUIDO;
2;12;00776;Avaliação Docente UniCatolica 2026.2;224;1;91278136;Administração;206383;12;Adequação dos serviços (terceirizados) da lanchonete;A;Excelente;CONCLUIDO;
2;12;00776;Avaliação Docente UniCatolica 2026.2;224;1;91278136;Administração;206383;13;Segurança interna das unidades;A;Excelente;CONCLUIDO;
2;12;00776;Avaliação Docente UniCatolica 2026.2;224;1;91278136;Administração;206383;14;Segurança externa das unidades;A;Excelente;CONCLUIDO;
2;12;00776;Avaliação Docente UniCatolica 2026.2;224;1;91278136;Administração;206383;15;Comentários/Sugestões para melhorias:;;;CONCLUIDO;
2;12;00776;Avaliação Docente UniCatolica 2026.2;224;1;91278136;Administração;206383;2;Valorização e desenvolvimento dos profissionais;A;Excelente;CONCLUIDO;
2;12;00776;Avaliação Docente UniCatolica 2026.2;224;1;91278136;Administração;206383;3;Transparência e participação gestão institucional;A;Excelente;CONCLUIDO;
2;12;00776;Avaliação Docente UniCatolica 2026.2;224;1;91278136;Administração;206383;4;Eficácia da comunicação interna;B;Bom;CONCLUIDO;
2;12;00776;Avaliação Docente UniCatolica 2026.2;224;1;91278136;Administração;206383;5;Adequação dos espaços físicos para as atividades de ensino (Salas de aula, Biblioteca etc.);A;Excelente;CONCLUIDO;
2;12;00776;Avaliação Docente UniCatolica 2026.2;224;1;91278136;Administração;206383;6;Adequação da infraestrutura tecnológica às necessidades pedagógicas (internet sem fio, serviços digitais, sistemas etc.);B;Bom;CONCLUIDO;
2;12;00776;Avaliação Docente UniCatolica 2026.2;224;1;91278136;Administração;206383;7;A acessibilidade aos espaços físicos;A;Excelente;CONCLUIDO;
2;12;00776;Avaliação Docente UniCatolica 2026.2;224;1;91278136;Administração;206383;8;Adequação da limpeza e conservação dos espaços (Sala de aula, banheiros, biblioteca etc.);A;Excelente;CONCLUIDO;
2;12;00776;Avaliação Docente UniCatolica 2026.2;224;1;91278136;Administração;206383;9;Clareza das normas de segurança para uso dos laboratórios;A;Excelente;CONCLUIDO;
2;12;00776;Avaliação Docente UniCatolica 2026.2;224;1;91278136;Biomedicina;206383;1;Atendimento pela Secretaria Acadêmica (agilidade e eficiência);A;Excelente;CONCLUIDO;
2;12;00776;Avaliação Docente UniCatolica 2026.2;224;1;91278136;Biomedicina;206383;10;Adequação dos espaços de convivência;A;Excelente;CONCLUIDO;
2;12;00776;Avaliação Docente UniCatolica 2026.2;224;1;91278136;Biomedicina;206383;11;Adequação dos serviços (terceirizados) da copiadora;A;Excelente;CONCLUIDO;
2;12;00776;Avaliação Docente UniCatolica 2026.2;224;1;91278136;Biomedicina;206383;12;Adequação dos serviços (terceirizados) da lanchonete;A;Excelente;CONCLUIDO;
2;12;00776;Avaliação Docente UniCatolica 2026.2;224;1;91278136;Biomedicina;206383;13;Segurança interna das unidades;A;Excelente;CONCLUIDO;
2;12;00776;Avaliação Docente UniCatolica 2026.2;224;1;91278136;Biomedicina;206383;14;Segurança externa das unidades;A;Excelente;CONCLUIDO;
2;12;00776;Avaliação Docente UniCatolica 2026.2;224;1;91278136;Biomedicina;206383;15;Comentários/Sugestões para melhorias:;;;CONCLUIDO;
2;12;00776;Avaliação Docente UniCatolica 2026.2;224;1;91278136;Biomedicina;206383;2;Valorização e desenvolvimento dos profissionais;A;Excelente;CONCLUIDO;
2;12;00776;Avaliação Docente UniCatolica 2026.2;224;1;91278136;Biomedicina;206383;3;Transparência e participação gestão institucional;A;Excelente;CONCLUIDO;
2;12;00776;Avaliação Docente UniCatolica 2026.2;224;1;91278136;Biomedicina;206383;4;Eficácia da comunicação interna;B;Bom;CONCLUIDO;
2;12;00776;Avaliação Docente UniCatolica 2026.2;224;1;91278136;Biomedicina;206383;5;Adequação dos espaços físicos para as atividades de ensino (Salas de aula, Biblioteca etc.);A;Excelente;CONCLUIDO;
2;12;00776;Avaliação Docente UniCatolica 2026.2;224;1;91278136;Biomedicina;206383;6;Adequação da infraestrutura tecnológica às necessidades pedagógicas (internet sem fio, serviços digitais, sistemas etc.);B;Bom;CONCLUIDO;
2;12;00776;Avaliação Docente UniCatolica 2026.2;224;1;91278136;Biomedicina;206383;7;A acessibilidade aos espaços físicos;A;Excelente;CONCLUIDO;
2;12;00776;Avaliação Docente UniCatolica 2026.2;224;1;91278136;Biomedicina;206383;8;Adequação da limpeza e conservação dos espaços (Sala de aula, banheiros, biblioteca etc.);A;Excelente;CONCLUIDO;
2;12;00776;Avaliação Docente UniCatolica 2026.2;224;1;91278136;Biomedicina;206383;9;Clareza das normas de segurança para uso dos laboratórios;A;Excelente;CONCLUIDO;
2;12;00776;Avaliação Docente UniCatolica 2026.2;224;1;91278136;Engenharia de Software;206383;1;Atendimento pela Secretaria Acadêmica (agilidade e eficiência);A;Excelente;CONCLUIDO;
2;12;00776;Avaliação Docente UniCatolica 2026.2;224;1;91278136;Engenharia de Software;206383;10;Adequação dos espaços de convivência;A;Excelente;CONCLUIDO;
2;12;00776;Avaliação Docente UniCatolica 2026.2;224;1;91278136;Engenharia de Software;206383;11;Adequação dos serviços (terceirizados) da copiadora;A;Excelente;CONCLUIDO;
2;12;00776;Avaliação Docente UniCatolica 2026.2;224;1;91278136;Engenharia de Software;206383;12;Adequação dos serviços (terceirizados) da lanchonete;A;Excelente;CONCLUIDO;
2;12;00776;Avaliação Docente UniCatolica 2026.2;224;1;91278136;Engenharia de Software;206383;13;Segurança interna das unidades;A;Excelente;CONCLUIDO;
2;12;00776;Avaliação Docente UniCatolica 2026.2;224;1;91278136;Engenharia de Software;206383;14;Segurança externa das unidades;A;Excelente;CONCLUIDO;
2;12;00776;Avaliação Docente UniCatolica 2026.2;224;1;91278136;Engenharia de Software;206383;15;Comentários/Sugestões para melhorias:;;;CONCLUIDO;
2;12;00776;Avaliação Docente UniCatolica 2026.2;224;1;91278136;Engenharia de Software;206383;2;Valorização e desenvolvimento dos profissionais;A;Excelente;CONCLUIDO;
2;12;00776;Avaliação Docente UniCatolica 2026.2;224;1;91278136;Engenharia de Software;206383;3;Transparência e participação gestão institucional;A;Excelente;CONCLUIDO;
2;12;00776;Avaliação Docente UniCatolica 2026.2;224;1;91278136;Engenharia de Software;206383;4;Eficácia da comunicação interna;B;Bom;CONCLUIDO;
2;12;00776;Avaliação Docente UniCatolica 2026.2;224;1;91278136;Engenharia de Software;206383;5;Adequação dos espaços físicos para as atividades de ensino (Salas de aula, Biblioteca etc.);A;Excelente;CONCLUIDO;
2;12;00776;Avaliação Docente UniCatolica 2026.2;224;1;91278136;Engenharia de Software;206383;6;Adequação da infraestrutura tecnológica às necessidades pedagógicas (internet sem fio, serviços digitais, sistemas etc.);B;Bom;CONCLUIDO;
2;12;00776;Avaliação Docente UniCatolica 2026.2;224;1;91278136;Engenharia de Software;206383;7;A acessibilidade aos espaços físicos;A;Excelente;CONCLUIDO;
2;12;00776;Avaliação Docente UniCatolica 2026.2;224;1;91278136;Engenharia de Software;206383;8;Adequação da limpeza e conservação dos espaços (Sala de aula, banheiros, biblioteca etc.);A;Excelente;CONCLUIDO;
2;12;00776;Avaliação Docente UniCatolica 2026.2;224;1;91278136;Engenharia de Software;206383;9;Clareza das normas de segurança para uso dos laboratórios;A;Excelente;CONCLUIDO;
2;12;00776;Avaliação Docente UniCatolica 2026.2;224;1;91360608;Direito;206383;1;Atendimento pela Secretaria Acadêmica (agilidade e eficiência);A;Excelente;CONCLUIDO;
2;12;00776;Avaliação Docente UniCatolica 2026.2;224;1;91360608;Direito;206383;10;Adequação dos espaços de convivência;A;Excelente;CONCLUIDO;
2;12;00776;Avaliação Docente UniCatolica 2026.2;224;1;91360608;Direito;206383;11;Adequação dos serviços (terceirizados) da copiadora;A;Excelente;CONCLUIDO;
2;12;00776;Avaliação Docente UniCatolica 2026.2;224;1;91360608;Direito;206383;12;Adequação dos serviços (terceirizados) da lanchonete;A;Excelente;CONCLUIDO;
2;12;00776;Avaliação Docente UniCatolica 2026.2;224;1;91360608;Direito;206383;13;Segurança interna das unidades;A;Excelente;CONCLUIDO;
2;12;00776;Avaliação Docente UniCatolica 2026.2;224;1;91360608;Direito;206383;14;Segurança externa das unidades;A;Excelente;CONCLUIDO;
2;12;00776;Avaliação Docente UniCatolica 2026.2;224;1;91360608;Direito;206383;15;Comentários/Sugestões para melhorias:;;;CONCLUIDO;
2;12;00776;Avaliação Docente UniCatolica 2026.2;224;1;91360608;Direito;206383;2;Valorização e desenvolvimento dos profissionais;A;Excelente;CONCLUIDO;
2;12;00776;Avaliação Docente UniCatolica 2026.2;224;1;91360608;Direito;206383;3;Transparência e participação gestão institucional;A;Excelente;CONCLUIDO;
2;12;00776;Avaliação Docente UniCatolica 2026.2;224;1;91360608;Direito;206383;4;Eficácia da comunicação interna;A;Excelente;CONCLUIDO;
2;12;00776;Avaliação Docente UniCatolica 2026.2;224;1;91360608;Direito;206383;5;Adequação dos espaços físicos para as atividades de ensino (Salas de aula, Biblioteca etc.);A;Excelente;CONCLUIDO;
2;12;00776;Avaliação Docente UniCatolica 2026.2;224;1;91360608;Direito;206383;6;Adequação da infraestrutura tecnológica às necessidades pedagógicas (internet sem fio, serviços digitais, sistemas etc.);A;Excelente;CONCLUIDO;
2;12;00776;Avaliação Docente UniCatolica 2026.2;224;1;91360608;Direito;206383;7;A acessibilidade aos espaços físicos;A;Excelente;CONCLUIDO;
2;12;00776;Avaliação Docente UniCatolica 2026.2;224;1;91360608;Direito;206383;8;Adequação da limpeza e conservação dos espaços (Sala de aula, banheiros, biblioteca etc.);A;Excelente;CONCLUIDO;
2;12;00776;Avaliação Docente UniCatolica 2026.2;224;1;91360608;Direito;206383;9;Clareza das normas de segurança para uso dos laboratórios;A;Excelente;CONCLUIDO;
2;12;00776;Avaliação Docente UniCatolica 2026.2;224;1;91360756;Administração;206383;1;Atendimento pela Secretaria Acadêmica (agilidade e eficiência);B;Bom;CONCLUIDO;
2;12;00776;Avaliação Docente UniCatolica 2026.2;224;1;91360756;Administração;206383;10;Adequação dos espaços de convivência;B;Bom;CONCLUIDO;
2;12;00776;Avaliação Docente UniCatolica 2026.2;224;1;91360756;Administração;206383;11;Adequação dos serviços (terceirizados) da copiadora;B;Bom;CONCLUIDO;
2;12;00776;Avaliação Docente UniCatolica 2026.2;224;1;91360756;Administração;206383;12;Adequação dos serviços (terceirizados) da lanchonete;B;Bom;CONCLUIDO;
2;12;00776;Avaliação Docente UniCatolica 2026.2;224;1;91360756;Administração;206383;13;Segurança interna das unidades;B;Bom;CONCLUIDO;
2;12;00776;Avaliação Docente UniCatolica 2026.2;224;1;91360756;Administração;206383;14;Segurança externa das unidades;B;Bom;CONCLUIDO;
2;12;00776;Avaliação Docente UniCatolica 2026.2;224;1;91360756;Administração;206383;15;Comentários/Sugestões para melhorias:;;;CONCLUIDO;
2;12;00776;Avaliação Docente UniCatolica 2026.2;224;1;91360756;Administração;206383;2;Valorização e desenvolvimento dos profissionais;B;Bom;CONCLUIDO;
2;12;00776;Avaliação Docente UniCatolica 2026.2;224;1;91360756;Administração;206383;3;Transparência e participação gestão institucional;B;Bom;CONCLUIDO;
2;12;00776;Avaliação Docente UniCatolica 2026.2;224;1;91360756;Administração;206383;4;Eficácia da comunicação interna;D;Insatisfeito;CONCLUIDO;
2;12;00776;Avaliação Docente UniCatolica 2026.2;224;1;91360756;Administração;206383;5;Adequação dos espaços físicos para as atividades de ensino (Salas de aula, Biblioteca etc.);A;Excelente;CONCLUIDO;
2;12;00776;Avaliação Docente UniCatolica 2026.2;224;1;91360756;Administração;206383;6;Adequação da infraestrutura tecnológica às necessidades pedagógicas (internet sem fio, serviços digitais, sistemas etc.);B;Bom;CONCLUIDO;
2;12;00776;Avaliação Docente UniCatolica 2026.2;224;1;91360756;Administração;206383;7;A acessibilidade aos espaços físicos;A;Excelente;CONCLUIDO;
2;12;00776;Avaliação Docente UniCatolica 2026.2;224;1;91360756;Administração;206383;8;Adequação da limpeza e conservação dos espaços (Sala de aula, banheiros, biblioteca etc.);B;Bom;CONCLUIDO;
2;12;00776;Avaliação Docente UniCatolica 2026.2;224;1;91360756;Administração;206383;9;Clareza das normas de segurança para uso dos laboratórios;B;Bom;CONCLUIDO;
2;12;00776;Avaliação Docente UniCatolica 2026.2;224;1;91360756;Engenharia de Software;206383;1;Atendimento pela Secretaria Acadêmica (agilidade e eficiência);B;Bom;CONCLUIDO;
2;12;00776;Avaliação Docente UniCatolica 2026.2;224;1;91360756;Engenharia de Software;206383;10;Adequação dos espaços de convivência;B;Bom;CONCLUIDO;
2;12;00776;Avaliação Docente UniCatolica 2026.2;224;1;91360756;Engenharia de Software;206383;11;Adequação dos serviços (terceirizados) da copiadora;B;Bom;CONCLUIDO;
2;12;00776;Avaliação Docente UniCatolica 2026.2;224;1;91360756;Engenharia de Software;206383;12;Adequação dos serviços (terceirizados) da lanchonete;B;Bom;CONCLUIDO;
2;12;00776;Avaliação Docente UniCatolica 2026.2;224;1;91360756;Engenharia de Software;206383;13;Segurança interna das unidades;B;Bom;CONCLUIDO;
2;12;00776;Avaliação Docente UniCatolica 2026.2;224;1;91360756;Engenharia de Software;206383;14;Segurança externa das unidades;B;Bom;CONCLUIDO;
2;12;00776;Avaliação Docente UniCatolica 2026.2;224;1;91360756;Engenharia de Software;206383;15;Comentários/Sugestões para melhorias:;;;CONCLUIDO;
2;12;00776;Avaliação Docente UniCatolica 2026.2;224;1;91360756;Engenharia de Software;206383;2;Valorização e desenvolvimento dos profissionais;B;Bom;CONCLUIDO;
2;12;00776;Avaliação Docente UniCatolica 2026.2;224;1;91360756;Engenharia de Software;206383;3;Transparência e participação gestão institucional;B;Bom;CONCLUIDO;
2;12;00776;Avaliação Docente UniCatolica 2026.2;224;1;91360756;Engenharia de Software;206383;4;Eficácia da comunicação interna;D;Insatisfeito;CONCLUIDO;
2;12;00776;Avaliação Docente UniCatolica 2026.2;224;1;91360756;Engenharia de Software;206383;5;Adequação dos espaços físicos para as atividades de ensino (Salas de aula, Biblioteca etc.);A;Excelente;CONCLUIDO;
2;12;00776;Avaliação Docente UniCatolica 2026.2;224;1;91360756;Engenharia de Software;206383;6;Adequação da infraestrutura tecnológica às necessidades pedagógicas (internet sem fio, serviços digitais, sistemas etc.);B;Bom;CONCLUIDO;
2;12;00776;Avaliação Docente UniCatolica 2026.2;224;1;91360756;Engenharia de Software;206383;7;A acessibilidade aos espaços físicos;A;Excelente;CONCLUIDO;
2;12;00776;Avaliação Docente UniCatolica 2026.2;224;1;91360756;Engenharia de Software;206383;8;Adequação da limpeza e conservação dos espaços (Sala de aula, banheiros, biblioteca etc.);B;Bom;CONCLUIDO;
2;12;00776;Avaliação Docente UniCatolica 2026.2;224;1;91360756;Engenharia de Software;206383;9;Clareza das normas de segurança para uso dos laboratórios;B;Bom;CONCLUIDO;
2;12;00776;Avaliação Docente UniCatolica 2026.2;224;1;91360779;Engenharia Civil;206383;1;Atendimento pela Secretaria Acadêmica (agilidade e eficiência);B;Bom;CONCLUIDO;
2;12;00776;Avaliação Docente UniCatolica 2026.2;224;1;91360779;Engenharia Civil;206383;10;Adequação dos espaços de convivência;B;Bom;CONCLUIDO;
2;12;00776;Avaliação Docente UniCatolica 2026.2;224;1;91360779;Engenharia Civil;206383;11;Adequação dos serviços (terceirizados) da copiadora;A;Excelente;CONCLUIDO;
2;12;00776;Avaliação Docente UniCatolica 2026.2;224;1;91360779;Engenharia Civil;206383;12;Adequação dos serviços (terceirizados) da lanchonete;B;Bom;CONCLUIDO;
2;12;00776;Avaliação Docente UniCatolica 2026.2;224;1;91360779;Engenharia Civil;206383;13;Segurança interna das unidades;A;Excelente;CONCLUIDO;
2;12;00776;Avaliação Docente UniCatolica 2026.2;224;1;91360779;Engenharia Civil;206383;14;Segurança externa das unidades;B;Bom;CONCLUIDO;
2;12;00776;Avaliação Docente UniCatolica 2026.2;224;1;91360779;Engenharia Civil;206383;15;Comentários/Sugestões para melhorias:;;;CONCLUIDO;
2;12;00776;Avaliação Docente UniCatolica 2026.2;224;1;91360779;Engenharia Civil;206383;2;Valorização e desenvolvimento dos profissionais;B;Bom;CONCLUIDO;
2;12;00776;Avaliação Docente UniCatolica 2026.2;224;1;91360779;Engenharia Civil;206383;3;Transparência e participação gestão institucional;B;Bom;CONCLUIDO;
2;12;00776;Avaliação Docente UniCatolica 2026.2;224;1;91360779;Engenharia Civil;206383;4;Eficácia da comunicação interna;B;Bom;CONCLUIDO;
2;12;00776;Avaliação Docente UniCatolica 2026.2;224;1;91360779;Engenharia Civil;206383;5;Adequação dos espaços físicos para as atividades de ensino (Salas de aula, Biblioteca etc.);A;Excelente;CONCLUIDO;
2;12;00776;Avaliação Docente UniCatolica 2026.2;224;1;91360779;Engenharia Civil;206383;6;Adequação da infraestrutura tecnológica às necessidades pedagógicas (internet sem fio, serviços digitais, sistemas etc.);C;Regular;CONCLUIDO;
2;12;00776;Avaliação Docente UniCatolica 2026.2;224;1;91360779;Engenharia Civil;206383;7;A acessibilidade aos espaços físicos;A;Excelente;CONCLUIDO;
2;12;00776;Avaliação Docente UniCatolica 2026.2;224;1;91360779;Engenharia Civil;206383;8;Adequação da limpeza e conservação dos espaços (Sala de aula, banheiros, biblioteca etc.);A;Excelente;CONCLUIDO;
2;12;00776;Avaliação Docente UniCatolica 2026.2;224;1;91360779;Engenharia Civil;206383;9;Clareza das normas de segurança para uso dos laboratórios;B;Bom;CONCLUIDO;
2;12;00776;Avaliação Docente UniCatolica 2026.2;224;1;91405973;Agronomia;206383;1;Atendimento pela Secretaria Acadêmica (agilidade e eficiência);B;Bom;CONCLUIDO;
2;12;00776;Avaliação Docente UniCatolica 2026.2;224;1;91405973;Agronomia;206383;10;Adequação dos espaços de convivência;A;Excelente;CONCLUIDO;
2;12;00776;Avaliação Docente UniCatolica 2026.2;224;1;91405973;Agronomia;206383;11;Adequação dos serviços (terceirizados) da copiadora;C;Regular;CONCLUIDO;
2;12;00776;Avaliação Docente UniCatolica 2026.2;224;1;91405973;Agronomia;206383;12;Adequação dos serviços (terceirizados) da lanchonete;C;Regular;CONCLUIDO;
2;12;00776;Avaliação Docente UniCatolica 2026.2;224;1;91405973;Agronomia;206383;13;Segurança interna das unidades;B;Bom;CONCLUIDO;
2;12;00776;Avaliação Docente UniCatolica 2026.2;224;1;91405973;Agronomia;206383;14;Segurança externa das unidades;B;Bom;CONCLUIDO;
2;12;00776;Avaliação Docente UniCatolica 2026.2;224;1;91405973;Agronomia;206383;15;Comentários/Sugestões para melhorias:;;;CONCLUIDO;Nesse período o horário de atendimento da copiadora ficou mais restrito o que impactou nas atividades.
2;12;00776;Avaliação Docente UniCatolica 2026.2;224;1;91405973;Agronomia;206383;2;Valorização e desenvolvimento dos profissionais;A;Excelente;CONCLUIDO;
2;12;00776;Avaliação Docente UniCatolica 2026.2;224;1;91405973;Agronomia;206383;3;Transparência e participação gestão institucional;B;Bom;CONCLUIDO;
2;12;00776;Avaliação Docente UniCatolica 2026.2;224;1;91405973;Agronomia;206383;4;Eficácia da comunicação interna;B;Bom;CONCLUIDO;
2;12;00776;Avaliação Docente UniCatolica 2026.2;224;1;91405973;Agronomia;206383;5;Adequação dos espaços físicos para as atividades de ensino (Salas de aula, Biblioteca etc.);A;Excelente;CONCLUIDO;
2;12;00776;Avaliação Docente UniCatolica 2026.2;224;1;91405973;Agronomia;206383;6;Adequação da infraestrutura tecnológica às necessidades pedagógicas (internet sem fio, serviços digitais, sistemas etc.);B;Bom;CONCLUIDO;
2;12;00776;Avaliação Docente UniCatolica 2026.2;224;1;91405973;Agronomia;206383;7;A acessibilidade aos espaços físicos;B;Bom;CONCLUIDO;
2;12;00776;Avaliação Docente UniCatolica 2026.2;224;1;91405973;Agronomia;206383;8;Adequação da limpeza e conservação dos espaços (Sala de aula, banheiros, biblioteca etc.);A;Excelente;CONCLUIDO;
2;12;00776;Avaliação Docente UniCatolica 2026.2;224;1;91405973;Agronomia;206383;9;Clareza das normas de segurança para uso dos laboratórios;A;Excelente;CONCLUIDO;
2;12;00776;Avaliação Docente UniCatolica 2026.2;224;1;91405973;Farmácia;206383;1;Atendimento pela Secretaria Acadêmica (agilidade e eficiência);B;Bom;CONCLUIDO;
2;12;00776;Avaliação Docente UniCatolica 2026.2;224;1;91405973;Farmácia;206383;10;Adequação dos espaços de convivência;A;Excelente;CONCLUIDO;
2;12;00776;Avaliação Docente UniCatolica 2026.2;224;1;91405973;Farmácia;206383;11;Adequação dos serviços (terceirizados) da copiadora;C;Regular;CONCLUIDO;
2;12;00776;Avaliação Docente UniCatolica 2026.2;224;1;91405973;Farmácia;206383;12;Adequação dos serviços (terceirizados) da lanchonete;C;Regular;CONCLUIDO;
2;12;00776;Avaliação Docente UniCatolica 2026.2;224;1;91405973;Farmácia;206383;13;Segurança interna das unidades;B;Bom;CONCLUIDO;
2;12;00776;Avaliação Docente UniCatolica 2026.2;224;1;91405973;Farmácia;206383;14;Segurança externa das unidades;B;Bom;CONCLUIDO;
2;12;00776;Avaliação Docente UniCatolica 2026.2;224;1;91405973;Farmácia;206383;15;Comentários/Sugestões para melhorias:;;;CONCLUIDO;Nesse período o horário de atendimento da copiadora ficou mais restrito o que impactou nas atividades.
2;12;00776;Avaliação Docente UniCatolica 2026.2;224;1;91405973;Farmácia;206383;2;Valorização e desenvolvimento dos profissionais;A;Excelente;CONCLUIDO;
2;12;00776;Avaliação Docente UniCatolica 2026.2;224;1;91405973;Farmácia;206383;3;Transparência e participação gestão institucional;B;Bom;CONCLUIDO;
2;12;00776;Avaliação Docente UniCatolica 2026.2;224;1;91405973;Farmácia;206383;4;Eficácia da comunicação interna;B;Bom;CONCLUIDO;
2;12;00776;Avaliação Docente UniCatolica 2026.2;224;1;91405973;Farmácia;206383;5;Adequação dos espaços físicos para as atividades de ensino (Salas de aula, Biblioteca etc.);A;Excelente;CONCLUIDO;
2;12;00776;Avaliação Docente UniCatolica 2026.2;224;1;91405973;Farmácia;206383;6;Adequação da infraestrutura tecnológica às necessidades pedagógicas (internet sem fio, serviços digitais, sistemas etc.);B;Bom;CONCLUIDO;
2;12;00776;Avaliação Docente UniCatolica 2026.2;224;1;91405973;Farmácia;206383;7;A acessibilidade aos espaços físicos;B;Bom;CONCLUIDO;
2;12;00776;Avaliação Docente UniCatolica 2026.2;224;1;91405973;Farmácia;206383;8;Adequação da limpeza e conservação dos espaços (Sala de aula, banheiros, biblioteca etc.);A;Excelente;CONCLUIDO;
2;12;00776;Avaliação Docente UniCatolica 2026.2;224;1;91405973;Farmácia;206383;9;Clareza das normas de segurança para uso dos laboratórios;A;Excelente;CONCLUIDO;
2;12;00776;Avaliação Docente UniCatolica 2026.2;224;1;91405973;Medicina Veterinária;206383;1;Atendimento pela Secretaria Acadêmica (agilidade e eficiência);B;Bom;CONCLUIDO;
2;12;00776;Avaliação Docente UniCatolica 2026.2;224;1;91405973;Medicina Veterinária;206383;10;Adequação dos espaços de convivência;A;Excelente;CONCLUIDO;
2;12;00776;Avaliação Docente UniCatolica 2026.2;224;1;91405973;Medicina Veterinária;206383;11;Adequação dos serviços (terceirizados) da copiadora;C;Regular;CONCLUIDO;
2;12;00776;Avaliação Docente UniCatolica 2026.2;224;1;91405973;Medicina Veterinária;206383;12;Adequação dos serviços (terceirizados) da lanchonete;C;Regular;CONCLUIDO;
2;12;00776;Avaliação Docente UniCatolica 2026.2;224;1;91405973;Medicina Veterinária;206383;13;Segurança interna das unidades;B;Bom;CONCLUIDO;
2;12;00776;Avaliação Docente UniCatolica 2026.2;224;1;91405973;Medicina Veterinária;206383;14;Segurança externa das unidades;B;Bom;CONCLUIDO;
2;12;00776;Avaliação Docente UniCatolica 2026.2;224;1;91405973;Medicina Veterinária;206383;15;Comentários/Sugestões para melhorias:;;;CONCLUIDO;Nesse período o horário de atendimento da copiadora ficou mais restrito o que impactou nas atividades.
2;12;00776;Avaliação Docente UniCatolica 2026.2;224;1;91405973;Medicina Veterinária;206383;2;Valorização e desenvolvimento dos profissionais;A;Excelente;CONCLUIDO;
2;12;00776;Avaliação Docente UniCatolica 2026.2;224;1;91405973;Medicina Veterinária;206383;3;Transparência e participação gestão institucional;B;Bom;CONCLUIDO;
2;12;00776;Avaliação Docente UniCatolica 2026.2;224;1;91405973;Medicina Veterinária;206383;4;Eficácia da comunicação interna;B;Bom;CONCLUIDO;
2;12;00776;Avaliação Docente UniCatolica 2026.2;224;1;91405973;Medicina Veterinária;206383;5;Adequação dos espaços físicos para as atividades de ensino (Salas de aula, Biblioteca etc.);A;Excelente;CONCLUIDO;
2;12;00776;Avaliação Docente UniCatolica 2026.2;224;1;91405973;Medicina Veterinária;206383;6;Adequação da infraestrutura tecnológica às necessidades pedagógicas (internet sem fio, serviços digitais, sistemas etc.);B;Bom;CONCLUIDO;
2;12;00776;Avaliação Docente UniCatolica 2026.2;224;1;91405973;Medicina Veterinária;206383;7;A acessibilidade aos espaços físicos;B;Bom;CONCLUIDO;
2;12;00776;Avaliação Docente UniCatolica 2026.2;224;1;91405973;Medicina Veterinária;206383;8;Adequação da limpeza e conservação dos espaços (Sala de aula, banheiros, biblioteca etc.);A;Excelente;CONCLUIDO;
2;12;00776;Avaliação Docente UniCatolica 2026.2;224;1;91405973;Medicina Veterinária;206383;9;Clareza das normas de segurança para uso dos laboratórios;A;Excelente;CONCLUIDO;
2;12;00776;Avaliação Docente UniCatolica 2026.2;224;1;91535798;Agronomia;206383;1;Atendimento pela Secretaria Acadêmica (agilidade e eficiência);D;Insatisfeito;CONCLUIDO;
2;12;00776;Avaliação Docente UniCatolica 2026.2;224;1;91535798;Agronomia;206383;10;Adequação dos espaços de convivência;D;Insatisfeito;CONCLUIDO;
2;12;00776;Avaliação Docente UniCatolica 2026.2;224;1;91535798;Agronomia;206383;11;Adequação dos serviços (terceirizados) da copiadora;D;Insatisfeito;CONCLUIDO;
2;12;00776;Avaliação Docente UniCatolica 2026.2;224;1;91535798;Agronomia;206383;12;Adequação dos serviços (terceirizados) da lanchonete;E;Muito Insatisfeito;CONCLUIDO;
2;12;00776;Avaliação Docente UniCatolica 2026.2;224;1;91535798;Agronomia;206383;13;Segurança interna das unidades;B;Bom;CONCLUIDO;
2;12;00776;Avaliação Docente UniCatolica 2026.2;224;1;91535798;Agronomia;206383;14;Segurança externa das unidades;B;Bom;CONCLUIDO;
2;12;00776;Avaliação Docente UniCatolica 2026.2;224;1;91535798;Agronomia;206383;15;Comentários/Sugestões para melhorias:;;;CONCLUIDO;
2;12;00776;Avaliação Docente UniCatolica 2026.2;224;1;91535798;Agronomia;206383;2;Valorização e desenvolvimento dos profissionais;C;Regular;CONCLUIDO;
2;12;00776;Avaliação Docente UniCatolica 2026.2;224;1;91535798;Agronomia;206383;3;Transparência e participação gestão institucional;C;Regular;CONCLUIDO;
2;12;00776;Avaliação Docente UniCatolica 2026.2;224;1;91535798;Agronomia;206383;4;Eficácia da comunicação interna;C;Regular;CONCLUIDO;
2;12;00776;Avaliação Docente UniCatolica 2026.2;224;1;91535798;Agronomia;206383;5;Adequação dos espaços físicos para as atividades de ensino (Salas de aula, Biblioteca etc.);A;Excelente;CONCLUIDO;
2;12;00776;Avaliação Docente UniCatolica 2026.2;224;1;91535798;Agronomia;206383;6;Adequação da infraestrutura tecnológica às necessidades pedagógicas (internet sem fio, serviços digitais, sistemas etc.);C;Regular;CONCLUIDO;
2;12;00776;Avaliação Docente UniCatolica 2026.2;224;1;91535798;Agronomia;206383;7;A acessibilidade aos espaços físicos;A;Excelente;CONCLUIDO;
2;12;00776;Avaliação Docente UniCatolica 2026.2;224;1;91535798;Agronomia;206383;8;Adequação da limpeza e conservação dos espaços (Sala de aula, banheiros, biblioteca etc.);B;Bom;CONCLUIDO;
2;12;00776;Avaliação Docente UniCatolica 2026.2;224;1;91535798;Agronomia;206383;9;Clareza das normas de segurança para uso dos laboratórios;A;Excelente;CONCLUIDO;
2;12;00776;Avaliação Docente UniCatolica 2026.2;224;1;91535970;Arquitetura e Urbanismo;206383;1;Atendimento pela Secretaria Acadêmica (agilidade e eficiência);B;Bom;CONCLUIDO;
2;12;00776;Avaliação Docente UniCatolica 2026.2;224;1;91535970;Arquitetura e Urbanismo;206383;10;Adequação dos espaços de convivência;D;Insatisfeito;CONCLUIDO;
2;12;00776;Avaliação Docente UniCatolica 2026.2;224;1;91535970;Arquitetura e Urbanismo;206383;11;Adequação dos serviços (terceirizados) da copiadora;A;Excelente;CONCLUIDO;
2;12;00776;Avaliação Docente UniCatolica 2026.2;224;1;91535970;Arquitetura e Urbanismo;206383;12;Adequação dos serviços (terceirizados) da lanchonete;B;Bom;CONCLUIDO;
2;12;00776;Avaliação Docente UniCatolica 2026.2;224;1;91535970;Arquitetura e Urbanismo;206383;13;Segurança interna das unidades;B;Bom;CONCLUIDO;
2;12;00776;Avaliação Docente UniCatolica 2026.2;224;1;91535970;Arquitetura e Urbanismo;206383;14;Segurança externa das unidades;B;Bom;CONCLUIDO;
2;12;00776;Avaliação Docente UniCatolica 2026.2;224;1;91535970;Arquitetura e Urbanismo;206383;15;Comentários/Sugestões para melhorias:;;;CONCLUIDO;
2;12;00776;Avaliação Docente UniCatolica 2026.2;224;1;91535970;Arquitetura e Urbanismo;206383;2;Valorização e desenvolvimento dos profissionais;B;Bom;CONCLUIDO;
2;12;00776;Avaliação Docente UniCatolica 2026.2;224;1;91535970;Arquitetura e Urbanismo;206383;3;Transparência e participação gestão institucional;B;Bom;CONCLUIDO;
2;12;00776;Avaliação Docente UniCatolica 2026.2;224;1;91535970;Arquitetura e Urbanismo;206383;4;Eficácia da comunicação interna;B;Bom;CONCLUIDO;
2;12;00776;Avaliação Docente UniCatolica 2026.2;224;1;91535970;Arquitetura e Urbanismo;206383;5;Adequação dos espaços físicos para as atividades de ensino (Salas de aula, Biblioteca etc.);B;Bom;CONCLUIDO;
2;12;00776;Avaliação Docente UniCatolica 2026.2;224;1;91535970;Arquitetura e Urbanismo;206383;6;Adequação da infraestrutura tecnológica às necessidades pedagógicas (internet sem fio, serviços digitais, sistemas etc.);B;Bom;CONCLUIDO;
2;12;00776;Avaliação Docente UniCatolica 2026.2;224;1;91535970;Arquitetura e Urbanismo;206383;7;A acessibilidade aos espaços físicos;A;Excelente;CONCLUIDO;
2;12;00776;Avaliação Docente UniCatolica 2026.2;224;1;91535970;Arquitetura e Urbanismo;206383;8;Adequação da limpeza e conservação dos espaços (Sala de aula, banheiros, biblioteca etc.);A;Excelente;CONCLUIDO;
2;12;00776;Avaliação Docente UniCatolica 2026.2;224;1;91535970;Arquitetura e Urbanismo;206383;9;Clareza das normas de segurança para uso dos laboratórios;A;Excelente;CONCLUIDO;
2;12;00776;Avaliação Docente UniCatolica 2026.2;224;1;91535970;Engenharia de Software;206383;1;Atendimento pela Secretaria Acadêmica (agilidade e eficiência);B;Bom;CONCLUIDO;
2;12;00776;Avaliação Docente UniCatolica 2026.2;224;1;91535970;Engenharia de Software;206383;10;Adequação dos espaços de convivência;D;Insatisfeito;CONCLUIDO;
2;12;00776;Avaliação Docente UniCatolica 2026.2;224;1;91535970;Engenharia de Software;206383;11;Adequação dos serviços (terceirizados) da copiadora;A;Excelente;CONCLUIDO;
2;12;00776;Avaliação Docente UniCatolica 2026.2;224;1;91535970;Engenharia de Software;206383;12;Adequação dos serviços (terceirizados) da lanchonete;B;Bom;CONCLUIDO;
2;12;00776;Avaliação Docente UniCatolica 2026.2;224;1;91535970;Engenharia de Software;206383;13;Segurança interna das unidades;B;Bom;CONCLUIDO;
2;12;00776;Avaliação Docente UniCatolica 2026.2;224;1;91535970;Engenharia de Software;206383;14;Segurança externa das unidades;B;Bom;CONCLUIDO;
2;12;00776;Avaliação Docente UniCatolica 2026.2;224;1;91535970;Engenharia de Software;206383;15;Comentários/Sugestões para melhorias:;;;CONCLUIDO;
2;12;00776;Avaliação Docente UniCatolica 2026.2;224;1;91535970;Engenharia de Software;206383;2;Valorização e desenvolvimento dos profissionais;B;Bom;CONCLUIDO;
2;12;00776;Avaliação Docente UniCatolica 2026.2;224;1;91535970;Engenharia de Software;206383;3;Transparência e participação gestão institucional;B;Bom;CONCLUIDO;
2;12;00776;Avaliação Docente UniCatolica 2026.2;224;1;91535970;Engenharia de Software;206383;4;Eficácia da comunicação interna;B;Bom;CONCLUIDO;
2;12;00776;Avaliação Docente UniCatolica 2026.2;224;1;91535970;Engenharia de Software;206383;5;Adequação dos espaços físicos para as atividades de ensino (Salas de aula, Biblioteca etc.);B;Bom;CONCLUIDO;
2;12;00776;Avaliação Docente UniCatolica 2026.2;224;1;91535970;Engenharia de Software;206383;6;Adequação da infraestrutura tecnológica às necessidades pedagógicas (internet sem fio, serviços digitais, sistemas etc.);B;Bom;CONCLUIDO;
2;12;00776;Avaliação Docente UniCatolica 2026.2;224;1;91535970;Engenharia de Software;206383;7;A acessibilidade aos espaços físicos;A;Excelente;CONCLUIDO;
2;12;00776;Avaliação Docente UniCatolica 2026.2;224;1;91535970;Engenharia de Software;206383;8;Adequação da limpeza e conservação dos espaços (Sala de aula, banheiros, biblioteca etc.);A;Excelente;CONCLUIDO;
2;12;00776;Avaliação Docente UniCatolica 2026.2;224;1;91535970;Engenharia de Software;206383;9;Clareza das normas de segurança para uso dos laboratórios;A;Excelente;CONCLUIDO;
2;12;00776;Avaliação Docente UniCatolica 2026.2;224;1;91558558;Medicina Veterinária;206383;1;Atendimento pela Secretaria Acadêmica (agilidade e eficiência);B;Bom;CONCLUIDO;
2;12;00776;Avaliação Docente UniCatolica 2026.2;224;1;91558558;Medicina Veterinária;206383;10;Adequação dos espaços de convivência;A;Excelente;CONCLUIDO;
2;12;00776;Avaliação Docente UniCatolica 2026.2;224;1;91558558;Medicina Veterinária;206383;11;Adequação dos serviços (terceirizados) da copiadora;C;Regular;CONCLUIDO;
2;12;00776;Avaliação Docente UniCatolica 2026.2;224;1;91558558;Medicina Veterinária;206383;12;Adequação dos serviços (terceirizados) da lanchonete;C;Regular;CONCLUIDO;
2;12;00776;Avaliação Docente UniCatolica 2026.2;224;1;91558558;Medicina Veterinária;206383;13;Segurança interna das unidades;B;Bom;CONCLUIDO;
2;12;00776;Avaliação Docente UniCatolica 2026.2;224;1;91558558;Medicina Veterinária;206383;14;Segurança externa das unidades;B;Bom;CONCLUIDO;
2;12;00776;Avaliação Docente UniCatolica 2026.2;224;1;91558558;Medicina Veterinária;206383;15;Comentários/Sugestões para melhorias:;;;CONCLUIDO;
2;12;00776;Avaliação Docente UniCatolica 2026.2;224;1;91558558;Medicina Veterinária;206383;2;Valorização e desenvolvimento dos profissionais;B;Bom;CONCLUIDO;
2;12;00776;Avaliação Docente UniCatolica 2026.2;224;1;91558558;Medicina Veterinária;206383;3;Transparência e participação gestão institucional;A;Excelente;CONCLUIDO;
2;12;00776;Avaliação Docente UniCatolica 2026.2;224;1;91558558;Medicina Veterinária;206383;4;Eficácia da comunicação interna;B;Bom;CONCLUIDO;
2;12;00776;Avaliação Docente UniCatolica 2026.2;224;1;91558558;Medicina Veterinária;206383;5;Adequação dos espaços físicos para as atividades de ensino (Salas de aula, Biblioteca etc.);A;Excelente;CONCLUIDO;
2;12;00776;Avaliação Docente UniCatolica 2026.2;224;1;91558558;Medicina Veterinária;206383;6;Adequação da infraestrutura tecnológica às necessidades pedagógicas (internet sem fio, serviços digitais, sistemas etc.);B;Bom;CONCLUIDO;
2;12;00776;Avaliação Docente UniCatolica 2026.2;224;1;91558558;Medicina Veterinária;206383;7;A acessibilidade aos espaços físicos;B;Bom;CONCLUIDO;
2;12;00776;Avaliação Docente UniCatolica 2026.2;224;1;91558558;Medicina Veterinária;206383;8;Adequação da limpeza e conservação dos espaços (Sala de aula, banheiros, biblioteca etc.);A;Excelente;CONCLUIDO;
2;12;00776;Avaliação Docente UniCatolica 2026.2;224;1;91558558;Medicina Veterinária;206383;9;Clareza das normas de segurança para uso dos laboratórios;A;Excelente;CONCLUIDO;
2;12;00776;Avaliação Docente UniCatolica 2026.2;224;1;91560475;Arquitetura e Urbanismo;206383;1;Atendimento pela Secretaria Acadêmica (agilidade e eficiência);A;Excelente;CONCLUIDO;
2;12;00776;Avaliação Docente UniCatolica 2026.2;224;1;91560475;Arquitetura e Urbanismo;206383;10;Adequação dos espaços de convivência;B;Bom;CONCLUIDO;
2;12;00776;Avaliação Docente UniCatolica 2026.2;224;1;91560475;Arquitetura e Urbanismo;206383;11;Adequação dos serviços (terceirizados) da copiadora;A;Excelente;CONCLUIDO;
2;12;00776;Avaliação Docente UniCatolica 2026.2;224;1;91560475;Arquitetura e Urbanismo;206383;12;Adequação dos serviços (terceirizados) da lanchonete;B;Bom;CONCLUIDO;
2;12;00776;Avaliação Docente UniCatolica 2026.2;224;1;91560475;Arquitetura e Urbanismo;206383;13;Segurança interna das unidades;A;Excelente;CONCLUIDO;
2;12;00776;Avaliação Docente UniCatolica 2026.2;224;1;91560475;Arquitetura e Urbanismo;206383;14;Segurança externa das unidades;A;Excelente;CONCLUIDO;
2;12;00776;Avaliação Docente UniCatolica 2026.2;224;1;91560475;Arquitetura e Urbanismo;206383;15;Comentários/Sugestões para melhorias:;;;CONCLUIDO;
2;12;00776;Avaliação Docente UniCatolica 2026.2;224;1;91560475;Arquitetura e Urbanismo;206383;2;Valorização e desenvolvimento dos profissionais;A;Excelente;CONCLUIDO;
2;12;00776;Avaliação Docente UniCatolica 2026.2;224;1;91560475;Arquitetura e Urbanismo;206383;3;Transparência e participação gestão institucional;B;Bom;CONCLUIDO;
2;12;00776;Avaliação Docente UniCatolica 2026.2;224;1;91560475;Arquitetura e Urbanismo;206383;4;Eficácia da comunicação interna;A;Excelente;CONCLUIDO;
2;12;00776;Avaliação Docente UniCatolica 2026.2;224;1;91560475;Arquitetura e Urbanismo;206383;5;Adequação dos espaços físicos para as atividades de ensino (Salas de aula, Biblioteca etc.);B;Bom;CONCLUIDO;
2;12;00776;Avaliação Docente UniCatolica 2026.2;224;1;91560475;Arquitetura e Urbanismo;206383;6;Adequação da infraestrutura tecnológica às necessidades pedagógicas (internet sem fio, serviços digitais, sistemas etc.);C;Regular;CONCLUIDO;
2;12;00776;Avaliação Docente UniCatolica 2026.2;224;1;91560475;Arquitetura e Urbanismo;206383;7;A acessibilidade aos espaços físicos;A;Excelente;CONCLUIDO;
2;12;00776;Avaliação Docente UniCatolica 2026.2;224;1;91560475;Arquitetura e Urbanismo;206383;8;Adequação da limpeza e conservação dos espaços (Sala de aula, banheiros, biblioteca etc.);A;Excelente;CONCLUIDO;
2;12;00776;Avaliação Docente UniCatolica 2026.2;224;1;91560475;Arquitetura e Urbanismo;206383;9;Clareza das normas de segurança para uso dos laboratórios;A;Excelente;CONCLUIDO;
2;12;00776;Avaliação Docente UniCatolica 2026.2;224;1;91571043;Psicologia;206383;1;Atendimento pela Secretaria Acadêmica (agilidade e eficiência);B;Bom;CONCLUIDO;
2;12;00776;Avaliação Docente UniCatolica 2026.2;224;1;91571043;Psicologia;206383;10;Adequação dos espaços de convivência;A;Excelente;CONCLUIDO;
2;12;00776;Avaliação Docente UniCatolica 2026.2;224;1;91571043;Psicologia;206383;11;Adequação dos serviços (terceirizados) da copiadora;B;Bom;CONCLUIDO;
2;12;00776;Avaliação Docente UniCatolica 2026.2;224;1;91571043;Psicologia;206383;12;Adequação dos serviços (terceirizados) da lanchonete;B;Bom;CONCLUIDO;
2;12;00776;Avaliação Docente UniCatolica 2026.2;224;1;91571043;Psicologia;206383;13;Segurança interna das unidades;B;Bom;CONCLUIDO;
2;12;00776;Avaliação Docente UniCatolica 2026.2;224;1;91571043;Psicologia;206383;14;Segurança externa das unidades;B;Bom;CONCLUIDO;
2;12;00776;Avaliação Docente UniCatolica 2026.2;224;1;91571043;Psicologia;206383;15;Comentários/Sugestões para melhorias:;;;CONCLUIDO;A comunicação institucional pode melhorar, pois em muitas situações as informações chegam muito em cima da hora
E a internet é um problema grave, pois é fraca e ás vezes não conseguimos nem acessar o AVA
2;12;00776;Avaliação Docente UniCatolica 2026.2;224;1;91571043;Psicologia;206383;2;Valorização e desenvolvimento dos profissionais;B;Bom;CONCLUIDO;
2;12;00776;Avaliação Docente UniCatolica 2026.2;224;1;91571043;Psicologia;206383;3;Transparência e participação gestão institucional;B;Bom;CONCLUIDO;
2;12;00776;Avaliação Docente UniCatolica 2026.2;224;1;91571043;Psicologia;206383;4;Eficácia da comunicação interna;C;Regular;CONCLUIDO;
2;12;00776;Avaliação Docente UniCatolica 2026.2;224;1;91571043;Psicologia;206383;5;Adequação dos espaços físicos para as atividades de ensino (Salas de aula, Biblioteca etc.);A;Excelente;CONCLUIDO;
2;12;00776;Avaliação Docente UniCatolica 2026.2;224;1;91571043;Psicologia;206383;6;Adequação da infraestrutura tecnológica às necessidades pedagógicas (internet sem fio, serviços digitais, sistemas etc.);C;Regular;CONCLUIDO;
2;12;00776;Avaliação Docente UniCatolica 2026.2;224;1;91571043;Psicologia;206383;7;A acessibilidade aos espaços físicos;B;Bom;CONCLUIDO;
2;12;00776;Avaliação Docente UniCatolica 2026.2;224;1;91571043;Psicologia;206383;8;Adequação da limpeza e conservação dos espaços (Sala de aula, banheiros, biblioteca etc.);A;Excelente;CONCLUIDO;
2;12;00776;Avaliação Docente UniCatolica 2026.2;224;1;91571043;Psicologia;206383;9;Clareza das normas de segurança para uso dos laboratórios;B;Bom;CONCLUIDO;
2;12;00776;Avaliação Docente UniCatolica 2026.2;224;1;91571944;Administração;206383;1;Atendimento pela Secretaria Acadêmica (agilidade e eficiência);B;Bom;CONCLUIDO;
2;12;00776;Avaliação Docente UniCatolica 2026.2;224;1;91571944;Administração;206383;10;Adequação dos espaços de convivência;C;Regular;CONCLUIDO;
2;12;00776;Avaliação Docente UniCatolica 2026.2;224;1;91571944;Administração;206383;11;Adequação dos serviços (terceirizados) da copiadora;A;Excelente;CONCLUIDO;
2;12;00776;Avaliação Docente UniCatolica 2026.2;224;1;91571944;Administração;206383;12;Adequação dos serviços (terceirizados) da lanchonete;A;Excelente;CONCLUIDO;
2;12;00776;Avaliação Docente UniCatolica 2026.2;224;1;91571944;Administração;206383;13;Segurança interna das unidades;C;Regular;CONCLUIDO;
2;12;00776;Avaliação Docente UniCatolica 2026.2;224;1;91571944;Administração;206383;14;Segurança externa das unidades;C;Regular;CONCLUIDO;
2;12;00776;Avaliação Docente UniCatolica 2026.2;224;1;91571944;Administração;206383;15;Comentários/Sugestões para melhorias:;;;CONCLUIDO;
2;12;00776;Avaliação Docente UniCatolica 2026.2;224;1;91571944;Administração;206383;2;Valorização e desenvolvimento dos profissionais;A;Excelente;CONCLUIDO;
2;12;00776;Avaliação Docente UniCatolica 2026.2;224;1;91571944;Administração;206383;3;Transparência e participação gestão institucional;B;Bom;CONCLUIDO;
2;12;00776;Avaliação Docente UniCatolica 2026.2;224;1;91571944;Administração;206383;4;Eficácia da comunicação interna;B;Bom;CONCLUIDO;
2;12;00776;Avaliação Docente UniCatolica 2026.2;224;1;91571944;Administração;206383;5;Adequação dos espaços físicos para as atividades de ensino (Salas de aula, Biblioteca etc.);B;Bom;CONCLUIDO;
2;12;00776;Avaliação Docente UniCatolica 2026.2;224;1;91571944;Administração;206383;6;Adequação da infraestrutura tecnológica às necessidades pedagógicas (internet sem fio, serviços digitais, sistemas etc.);C;Regular;CONCLUIDO;
2;12;00776;Avaliação Docente UniCatolica 2026.2;224;1;91571944;Administração;206383;7;A acessibilidade aos espaços físicos;B;Bom;CONCLUIDO;
2;12;00776;Avaliação Docente UniCatolica 2026.2;224;1;91571944;Administração;206383;8;Adequação da limpeza e conservação dos espaços (Sala de aula, banheiros, biblioteca etc.);B;Bom;CONCLUIDO;
2;12;00776;Avaliação Docente UniCatolica 2026.2;224;1;91571944;Administração;206383;9;Clareza das normas de segurança para uso dos laboratórios;C;Regular;CONCLUIDO;
2;12;00776;Avaliação Docente UniCatolica 2026.2;224;1;91571944;Arquitetura e Urbanismo;206383;1;Atendimento pela Secretaria Acadêmica (agilidade e eficiência);B;Bom;CONCLUIDO;
2;12;00776;Avaliação Docente UniCatolica 2026.2;224;1;91571944;Arquitetura e Urbanismo;206383;10;Adequação dos espaços de convivência;C;Regular;CONCLUIDO;
2;12;00776;Avaliação Docente UniCatolica 2026.2;224;1;91571944;Arquitetura e Urbanismo;206383;11;Adequação dos serviços (terceirizados) da copiadora;A;Excelente;CONCLUIDO;
2;12;00776;Avaliação Docente UniCatolica 2026.2;224;1;91571944;Arquitetura e Urbanismo;206383;12;Adequação dos serviços (terceirizados) da lanchonete;A;Excelente;CONCLUIDO;
2;12;00776;Avaliação Docente UniCatolica 2026.2;224;1;91571944;Arquitetura e Urbanismo;206383;13;Segurança interna das unidades;C;Regular;CONCLUIDO;
2;12;00776;Avaliação Docente UniCatolica 2026.2;224;1;91571944;Arquitetura e Urbanismo;206383;14;Segurança externa das unidades;C;Regular;CONCLUIDO;
2;12;00776;Avaliação Docente UniCatolica 2026.2;224;1;91571944;Arquitetura e Urbanismo;206383;15;Comentários/Sugestões para melhorias:;;;CONCLUIDO;
2;12;00776;Avaliação Docente UniCatolica 2026.2;224;1;91571944;Arquitetura e Urbanismo;206383;2;Valorização e desenvolvimento dos profissionais;A;Excelente;CONCLUIDO;
2;12;00776;Avaliação Docente UniCatolica 2026.2;224;1;91571944;Arquitetura e Urbanismo;206383;3;Transparência e participação gestão institucional;B;Bom;CONCLUIDO;
2;12;00776;Avaliação Docente UniCatolica 2026.2;224;1;91571944;Arquitetura e Urbanismo;206383;4;Eficácia da comunicação interna;B;Bom;CONCLUIDO;
2;12;00776;Avaliação Docente UniCatolica 2026.2;224;1;91571944;Arquitetura e Urbanismo;206383;5;Adequação dos espaços físicos para as atividades de ensino (Salas de aula, Biblioteca etc.);B;Bom;CONCLUIDO;
2;12;00776;Avaliação Docente UniCatolica 2026.2;224;1;91571944;Arquitetura e Urbanismo;206383;6;Adequação da infraestrutura tecnológica às necessidades pedagógicas (internet sem fio, serviços digitais, sistemas etc.);C;Regular;CONCLUIDO;
2;12;00776;Avaliação Docente UniCatolica 2026.2;224;1;91571944;Arquitetura e Urbanismo;206383;7;A acessibilidade aos espaços físicos;B;Bom;CONCLUIDO;
2;12;00776;Avaliação Docente UniCatolica 2026.2;224;1;91571944;Arquitetura e Urbanismo;206383;8;Adequação da limpeza e conservação dos espaços (Sala de aula, banheiros, biblioteca etc.);B;Bom;CONCLUIDO;
2;12;00776;Avaliação Docente UniCatolica 2026.2;224;1;91571944;Arquitetura e Urbanismo;206383;9;Clareza das normas de segurança para uso dos laboratórios;C;Regular;CONCLUIDO;
2;12;00776;Avaliação Docente UniCatolica 2026.2;224;1;91571944;Ciências Contábeis;206383;1;Atendimento pela Secretaria Acadêmica (agilidade e eficiência);B;Bom;CONCLUIDO;
2;12;00776;Avaliação Docente UniCatolica 2026.2;224;1;91571944;Ciências Contábeis;206383;10;Adequação dos espaços de convivência;C;Regular;CONCLUIDO;
2;12;00776;Avaliação Docente UniCatolica 2026.2;224;1;91571944;Ciências Contábeis;206383;11;Adequação dos serviços (terceirizados) da copiadora;A;Excelente;CONCLUIDO;
2;12;00776;Avaliação Docente UniCatolica 2026.2;224;1;91571944;Ciências Contábeis;206383;12;Adequação dos serviços (terceirizados) da lanchonete;A;Excelente;CONCLUIDO;
2;12;00776;Avaliação Docente UniCatolica 2026.2;224;1;91571944;Ciências Contábeis;206383;13;Segurança interna das unidades;C;Regular;CONCLUIDO;
2;12;00776;Avaliação Docente UniCatolica 2026.2;224;1;91571944;Ciências Contábeis;206383;14;Segurança externa das unidades;C;Regular;CONCLUIDO;
2;12;00776;Avaliação Docente UniCatolica 2026.2;224;1;91571944;Ciências Contábeis;206383;15;Comentários/Sugestões para melhorias:;;;CONCLUIDO;
2;12;00776;Avaliação Docente UniCatolica 2026.2;224;1;91571944;Ciências Contábeis;206383;2;Valorização e desenvolvimento dos profissionais;A;Excelente;CONCLUIDO;
2;12;00776;Avaliação Docente UniCatolica 2026.2;224;1;91571944;Ciências Contábeis;206383;3;Transparência e participação gestão institucional;B;Bom;CONCLUIDO;
2;12;00776;Avaliação Docente UniCatolica 2026.2;224;1;91571944;Ciências Contábeis;206383;4;Eficácia da comunicação interna;B;Bom;CONCLUIDO;
2;12;00776;Avaliação Docente UniCatolica 2026.2;224;1;91571944;Ciências Contábeis;206383;5;Adequação dos espaços físicos para as atividades de ensino (Salas de aula, Biblioteca etc.);B;Bom;CONCLUIDO;
2;12;00776;Avaliação Docente UniCatolica 2026.2;224;1;91571944;Ciências Contábeis;206383;6;Adequação da infraestrutura tecnológica às necessidades pedagógicas (internet sem fio, serviços digitais, sistemas etc.);C;Regular;CONCLUIDO;
2;12;00776;Avaliação Docente UniCatolica 2026.2;224;1;91571944;Ciências Contábeis;206383;7;A acessibilidade aos espaços físicos;B;Bom;CONCLUIDO;
2;12;00776;Avaliação Docente UniCatolica 2026.2;224;1;91571944;Ciências Contábeis;206383;8;Adequação da limpeza e conservação dos espaços (Sala de aula, banheiros, biblioteca etc.);B;Bom;CONCLUIDO;
2;12;00776;Avaliação Docente UniCatolica 2026.2;224;1;91571944;Ciências Contábeis;206383;9;Clareza das normas de segurança para uso dos laboratórios;C;Regular;CONCLUIDO;
2;12;00776;Avaliação Docente UniCatolica 2026.2;224;1;91571944;Direito;206383;1;Atendimento pela Secretaria Acadêmica (agilidade e eficiência);B;Bom;CONCLUIDO;
2;12;00776;Avaliação Docente UniCatolica 2026.2;224;1;91571944;Direito;206383;10;Adequação dos espaços de convivência;C;Regular;CONCLUIDO;
2;12;00776;Avaliação Docente UniCatolica 2026.2;224;1;91571944;Direito;206383;11;Adequação dos serviços (terceirizados) da copiadora;A;Excelente;CONCLUIDO;
2;12;00776;Avaliação Docente UniCatolica 2026.2;224;1;91571944;Direito;206383;12;Adequação dos serviços (terceirizados) da lanchonete;A;Excelente;CONCLUIDO;
2;12;00776;Avaliação Docente UniCatolica 2026.2;224;1;91571944;Direito;206383;13;Segurança interna das unidades;C;Regular;CONCLUIDO;
2;12;00776;Avaliação Docente UniCatolica 2026.2;224;1;91571944;Direito;206383;14;Segurança externa das unidades;C;Regular;CONCLUIDO;
2;12;00776;Avaliação Docente UniCatolica 2026.2;224;1;91571944;Direito;206383;15;Comentários/Sugestões para melhorias:;;;CONCLUIDO;
2;12;00776;Avaliação Docente UniCatolica 2026.2;224;1;91571944;Direito;206383;2;Valorização e desenvolvimento dos profissionais;A;Excelente;CONCLUIDO;
2;12;00776;Avaliação Docente UniCatolica 2026.2;224;1;91571944;Direito;206383;3;Transparência e participação gestão institucional;B;Bom;CONCLUIDO;
2;12;00776;Avaliação Docente UniCatolica 2026.2;224;1;91571944;Direito;206383;4;Eficácia da comunicação interna;B;Bom;CONCLUIDO;
2;12;00776;Avaliação Docente UniCatolica 2026.2;224;1;91571944;Direito;206383;5;Adequação dos espaços físicos para as atividades de ensino (Salas de aula, Biblioteca etc.);B;Bom;CONCLUIDO;
2;12;00776;Avaliação Docente UniCatolica 2026.2;224;1;91571944;Direito;206383;6;Adequação da infraestrutura tecnológica às necessidades pedagógicas (internet sem fio, serviços digitais, sistemas etc.);C;Regular;CONCLUIDO;
2;12;00776;Avaliação Docente UniCatolica 2026.2;224;1;91571944;Direito;206383;7;A acessibilidade aos espaços físicos;B;Bom;CONCLUIDO;
2;12;00776;Avaliação Docente UniCatolica 2026.2;224;1;91571944;Direito;206383;8;Adequação da limpeza e conservação dos espaços (Sala de aula, banheiros, biblioteca etc.);B;Bom;CONCLUIDO;
2;12;00776;Avaliação Docente UniCatolica 2026.2;224;1;91571944;Direito;206383;9;Clareza das normas de segurança para uso dos laboratórios;C;Regular;CONCLUIDO;
2;12;00776;Avaliação Docente UniCatolica 2026.2;224;1;91620683;Psicologia;206383;1;Atendimento pela Secretaria Acadêmica (agilidade e eficiência);A;Excelente;CONCLUIDO;
2;12;00776;Avaliação Docente UniCatolica 2026.2;224;1;91620683;Psicologia;206383;10;Adequação dos espaços de convivência;A;Excelente;CONCLUIDO;
2;12;00776;Avaliação Docente UniCatolica 2026.2;224;1;91620683;Psicologia;206383;11;Adequação dos serviços (terceirizados) da copiadora;A;Excelente;CONCLUIDO;
2;12;00776;Avaliação Docente UniCatolica 2026.2;224;1;91620683;Psicologia;206383;12;Adequação dos serviços (terceirizados) da lanchonete;A;Excelente;CONCLUIDO;
2;12;00776;Avaliação Docente UniCatolica 2026.2;224;1;91620683;Psicologia;206383;13;Segurança interna das unidades;A;Excelente;CONCLUIDO;
2;12;00776;Avaliação Docente UniCatolica 2026.2;224;1;91620683;Psicologia;206383;14;Segurança externa das unidades;A;Excelente;CONCLUIDO;
2;12;00776;Avaliação Docente UniCatolica 2026.2;224;1;91620683;Psicologia;206383;15;Comentários/Sugestões para melhorias:;;;CONCLUIDO;
2;12;00776;Avaliação Docente UniCatolica 2026.2;224;1;91620683;Psicologia;206383;2;Valorização e desenvolvimento dos profissionais;A;Excelente;CONCLUIDO;
2;12;00776;Avaliação Docente UniCatolica 2026.2;224;1;91620683;Psicologia;206383;3;Transparência e participação gestão institucional;A;Excelente;CONCLUIDO;
2;12;00776;Avaliação Docente UniCatolica 2026.2;224;1;91620683;Psicologia;206383;4;Eficácia da comunicação interna;A;Excelente;CONCLUIDO;
2;12;00776;Avaliação Docente UniCatolica 2026.2;224;1;91620683;Psicologia;206383;5;Adequação dos espaços físicos para as atividades de ensino (Salas de aula, Biblioteca etc.);A;Excelente;CONCLUIDO;
2;12;00776;Avaliação Docente UniCatolica 2026.2;224;1;91620683;Psicologia;206383;6;Adequação da infraestrutura tecnológica às necessidades pedagógicas (internet sem fio, serviços digitais, sistemas etc.);A;Excelente;CONCLUIDO;
2;12;00776;Avaliação Docente UniCatolica 2026.2;224;1;91620683;Psicologia;206383;7;A acessibilidade aos espaços físicos;A;Excelente;CONCLUIDO;
2;12;00776;Avaliação Docente UniCatolica 2026.2;224;1;91620683;Psicologia;206383;8;Adequação da limpeza e conservação dos espaços (Sala de aula, banheiros, biblioteca etc.);A;Excelente;CONCLUIDO;
2;12;00776;Avaliação Docente UniCatolica 2026.2;224;1;91620683;Psicologia;206383;9;Clareza das normas de segurança para uso dos laboratórios;A;Excelente;CONCLUIDO;
2;12;00776;Avaliação Docente UniCatolica 2026.2;224;1;91623364;Psicologia;206383;1;Atendimento pela Secretaria Acadêmica (agilidade e eficiência);B;Bom;CONCLUIDO;
2;12;00776;Avaliação Docente UniCatolica 2026.2;224;1;91623364;Psicologia;206383;10;Adequação dos espaços de convivência;A;Excelente;CONCLUIDO;
2;12;00776;Avaliação Docente UniCatolica 2026.2;224;1;91623364;Psicologia;206383;11;Adequação dos serviços (terceirizados) da copiadora;A;Excelente;CONCLUIDO;
2;12;00776;Avaliação Docente UniCatolica 2026.2;224;1;91623364;Psicologia;206383;12;Adequação dos serviços (terceirizados) da lanchonete;B;Bom;CONCLUIDO;
2;12;00776;Avaliação Docente UniCatolica 2026.2;224;1;91623364;Psicologia;206383;13;Segurança interna das unidades;A;Excelente;CONCLUIDO;
2;12;00776;Avaliação Docente UniCatolica 2026.2;224;1;91623364;Psicologia;206383;14;Segurança externa das unidades;A;Excelente;CONCLUIDO;
2;12;00776;Avaliação Docente UniCatolica 2026.2;224;1;91623364;Psicologia;206383;15;Comentários/Sugestões para melhorias:;;;CONCLUIDO;
2;12;00776;Avaliação Docente UniCatolica 2026.2;224;1;91623364;Psicologia;206383;2;Valorização e desenvolvimento dos profissionais;B;Bom;CONCLUIDO;
2;12;00776;Avaliação Docente UniCatolica 2026.2;224;1;91623364;Psicologia;206383;3;Transparência e participação gestão institucional;B;Bom;CONCLUIDO;
2;12;00776;Avaliação Docente UniCatolica 2026.2;224;1;91623364;Psicologia;206383;4;Eficácia da comunicação interna;A;Excelente;CONCLUIDO;
2;12;00776;Avaliação Docente UniCatolica 2026.2;224;1;91623364;Psicologia;206383;5;Adequação dos espaços físicos para as atividades de ensino (Salas de aula, Biblioteca etc.);B;Bom;CONCLUIDO;
2;12;00776;Avaliação Docente UniCatolica 2026.2;224;1;91623364;Psicologia;206383;6;Adequação da infraestrutura tecnológica às necessidades pedagógicas (internet sem fio, serviços digitais, sistemas etc.);B;Bom;CONCLUIDO;
2;12;00776;Avaliação Docente UniCatolica 2026.2;224;1;91623364;Psicologia;206383;7;A acessibilidade aos espaços físicos;A;Excelente;CONCLUIDO;
2;12;00776;Avaliação Docente UniCatolica 2026.2;224;1;91623364;Psicologia;206383;8;Adequação da limpeza e conservação dos espaços (Sala de aula, banheiros, biblioteca etc.);A;Excelente;CONCLUIDO;
2;12;00776;Avaliação Docente UniCatolica 2026.2;224;1;91623364;Psicologia;206383;9;Clareza das normas de segurança para uso dos laboratórios;A;Excelente;CONCLUIDO;
2;12;00776;Avaliação Docente UniCatolica 2026.2;224;1;91638426;Psicologia;206383;1;Atendimento pela Secretaria Acadêmica (agilidade e eficiência);B;Bom;CONCLUIDO;
2;12;00776;Avaliação Docente UniCatolica 2026.2;224;1;91638426;Psicologia;206383;10;Adequação dos espaços de convivência;B;Bom;CONCLUIDO;
2;12;00776;Avaliação Docente UniCatolica 2026.2;224;1;91638426;Psicologia;206383;11;Adequação dos serviços (terceirizados) da copiadora;B;Bom;CONCLUIDO;
2;12;00776;Avaliação Docente UniCatolica 2026.2;224;1;91638426;Psicologia;206383;12;Adequação dos serviços (terceirizados) da lanchonete;B;Bom;CONCLUIDO;
2;12;00776;Avaliação Docente UniCatolica 2026.2;224;1;91638426;Psicologia;206383;13;Segurança interna das unidades;B;Bom;CONCLUIDO;
2;12;00776;Avaliação Docente UniCatolica 2026.2;224;1;91638426;Psicologia;206383;14;Segurança externa das unidades;B;Bom;CONCLUIDO;
2;12;00776;Avaliação Docente UniCatolica 2026.2;224;1;91638426;Psicologia;206383;15;Comentários/Sugestões para melhorias:;;;CONCLUIDO;
2;12;00776;Avaliação Docente UniCatolica 2026.2;224;1;91638426;Psicologia;206383;2;Valorização e desenvolvimento dos profissionais;B;Bom;CONCLUIDO;
2;12;00776;Avaliação Docente UniCatolica 2026.2;224;1;91638426;Psicologia;206383;3;Transparência e participação gestão institucional;C;Regular;CONCLUIDO;
2;12;00776;Avaliação Docente UniCatolica 2026.2;224;1;91638426;Psicologia;206383;4;Eficácia da comunicação interna;B;Bom;CONCLUIDO;
2;12;00776;Avaliação Docente UniCatolica 2026.2;224;1;91638426;Psicologia;206383;5;Adequação dos espaços físicos para as atividades de ensino (Salas de aula, Biblioteca etc.);B;Bom;CONCLUIDO;
2;12;00776;Avaliação Docente UniCatolica 2026.2;224;1;91638426;Psicologia;206383;6;Adequação da infraestrutura tecnológica às necessidades pedagógicas (internet sem fio, serviços digitais, sistemas etc.);C;Regular;CONCLUIDO;
2;12;00776;Avaliação Docente UniCatolica 2026.2;224;1;91638426;Psicologia;206383;7;A acessibilidade aos espaços físicos;B;Bom;CONCLUIDO;
2;12;00776;Avaliação Docente UniCatolica 2026.2;224;1;91638426;Psicologia;206383;8;Adequação da limpeza e conservação dos espaços (Sala de aula, banheiros, biblioteca etc.);B;Bom;CONCLUIDO;
2;12;00776;Avaliação Docente UniCatolica 2026.2;224;1;91638426;Psicologia;206383;9;Clareza das normas de segurança para uso dos laboratórios;B;Bom;CONCLUIDO;
2;12;00776;Avaliação Docente UniCatolica 2026.2;224;1;91652774;Psicologia;206383;1;Atendimento pela Secretaria Acadêmica (agilidade e eficiência);B;Bom;CONCLUIDO;
2;12;00776;Avaliação Docente UniCatolica 2026.2;224;1;91652774;Psicologia;206383;10;Adequação dos espaços de convivência;B;Bom;CONCLUIDO;
2;12;00776;Avaliação Docente UniCatolica 2026.2;224;1;91652774;Psicologia;206383;11;Adequação dos serviços (terceirizados) da copiadora;A;Excelente;CONCLUIDO;
2;12;00776;Avaliação Docente UniCatolica 2026.2;224;1;91652774;Psicologia;206383;12;Adequação dos serviços (terceirizados) da lanchonete;B;Bom;CONCLUIDO;
2;12;00776;Avaliação Docente UniCatolica 2026.2;224;1;91652774;Psicologia;206383;13;Segurança interna das unidades;A;Excelente;CONCLUIDO;
2;12;00776;Avaliação Docente UniCatolica 2026.2;224;1;91652774;Psicologia;206383;14;Segurança externa das unidades;A;Excelente;CONCLUIDO;
2;12;00776;Avaliação Docente UniCatolica 2026.2;224;1;91652774;Psicologia;206383;15;Comentários/Sugestões para melhorias:;;;CONCLUIDO;
2;12;00776;Avaliação Docente UniCatolica 2026.2;224;1;91652774;Psicologia;206383;2;Valorização e desenvolvimento dos profissionais;C;Regular;CONCLUIDO;
2;12;00776;Avaliação Docente UniCatolica 2026.2;224;1;91652774;Psicologia;206383;3;Transparência e participação gestão institucional;C;Regular;CONCLUIDO;
2;12;00776;Avaliação Docente UniCatolica 2026.2;224;1;91652774;Psicologia;206383;4;Eficácia da comunicação interna;C;Regular;CONCLUIDO;
2;12;00776;Avaliação Docente UniCatolica 2026.2;224;1;91652774;Psicologia;206383;5;Adequação dos espaços físicos para as atividades de ensino (Salas de aula, Biblioteca etc.);B;Bom;CONCLUIDO;
2;12;00776;Avaliação Docente UniCatolica 2026.2;224;1;91652774;Psicologia;206383;6;Adequação da infraestrutura tecnológica às necessidades pedagógicas (internet sem fio, serviços digitais, sistemas etc.);B;Bom;CONCLUIDO;
2;12;00776;Avaliação Docente UniCatolica 2026.2;224;1;91652774;Psicologia;206383;7;A acessibilidade aos espaços físicos;B;Bom;CONCLUIDO;
2;12;00776;Avaliação Docente UniCatolica 2026.2;224;1;91652774;Psicologia;206383;8;Adequação da limpeza e conservação dos espaços (Sala de aula, banheiros, biblioteca etc.);A;Excelente;CONCLUIDO;
2;12;00776;Avaliação Docente UniCatolica 2026.2;224;1;91652774;Psicologia;206383;9;Clareza das normas de segurança para uso dos laboratórios;B;Bom;CONCLUIDO;
2;12;00776;Avaliação Docente UniCatolica 2026.2;224;1;91652807;Psicologia;206383;1;Atendimento pela Secretaria Acadêmica (agilidade e eficiência);A;Excelente;CONCLUIDO;
2;12;00776;Avaliação Docente UniCatolica 2026.2;224;1;91652807;Psicologia;206383;10;Adequação dos espaços de convivência;A;Excelente;CONCLUIDO;
2;12;00776;Avaliação Docente UniCatolica 2026.2;224;1;91652807;Psicologia;206383;11;Adequação dos serviços (terceirizados) da copiadora;A;Excelente;CONCLUIDO;
2;12;00776;Avaliação Docente UniCatolica 2026.2;224;1;91652807;Psicologia;206383;12;Adequação dos serviços (terceirizados) da lanchonete;A;Excelente;CONCLUIDO;
2;12;00776;Avaliação Docente UniCatolica 2026.2;224;1;91652807;Psicologia;206383;13;Segurança interna das unidades;B;Bom;CONCLUIDO;
2;12;00776;Avaliação Docente UniCatolica 2026.2;224;1;91652807;Psicologia;206383;14;Segurança externa das unidades;B;Bom;CONCLUIDO;
2;12;00776;Avaliação Docente UniCatolica 2026.2;224;1;91652807;Psicologia;206383;15;Comentários/Sugestões para melhorias:;;;CONCLUIDO;
2;12;00776;Avaliação Docente UniCatolica 2026.2;224;1;91652807;Psicologia;206383;2;Valorização e desenvolvimento dos profissionais;A;Excelente;CONCLUIDO;
2;12;00776;Avaliação Docente UniCatolica 2026.2;224;1;91652807;Psicologia;206383;3;Transparência e participação gestão institucional;A;Excelente;CONCLUIDO;
2;12;00776;Avaliação Docente UniCatolica 2026.2;224;1;91652807;Psicologia;206383;4;Eficácia da comunicação interna;B;Bom;CONCLUIDO;
2;12;00776;Avaliação Docente UniCatolica 2026.2;224;1;91652807;Psicologia;206383;5;Adequação dos espaços físicos para as atividades de ensino (Salas de aula, Biblioteca etc.);B;Bom;CONCLUIDO;
2;12;00776;Avaliação Docente UniCatolica 2026.2;224;1;91652807;Psicologia;206383;6;Adequação da infraestrutura tecnológica às necessidades pedagógicas (internet sem fio, serviços digitais, sistemas etc.);B;Bom;CONCLUIDO;
2;12;00776;Avaliação Docente UniCatolica 2026.2;224;1;91652807;Psicologia;206383;7;A acessibilidade aos espaços físicos;B;Bom;CONCLUIDO;
2;12;00776;Avaliação Docente UniCatolica 2026.2;224;1;91652807;Psicologia;206383;8;Adequação da limpeza e conservação dos espaços (Sala de aula, banheiros, biblioteca etc.);B;Bom;CONCLUIDO;
2;12;00776;Avaliação Docente UniCatolica 2026.2;224;1;91652807;Psicologia;206383;9;Clareza das normas de segurança para uso dos laboratórios;A;Excelente;CONCLUIDO;
2;12;00776;Avaliação Docente UniCatolica 2026.2;224;1;91667480;Medicina Veterinária;206383;1;Atendimento pela Secretaria Acadêmica (agilidade e eficiência);A;Excelente;CONCLUIDO;
2;12;00776;Avaliação Docente UniCatolica 2026.2;224;1;91667480;Medicina Veterinária;206383;10;Adequação dos espaços de convivência;A;Excelente;CONCLUIDO;
2;12;00776;Avaliação Docente UniCatolica 2026.2;224;1;91667480;Medicina Veterinária;206383;11;Adequação dos serviços (terceirizados) da copiadora;D;Insatisfeito;CONCLUIDO;
2;12;00776;Avaliação Docente UniCatolica 2026.2;224;1;91667480;Medicina Veterinária;206383;12;Adequação dos serviços (terceirizados) da lanchonete;D;Insatisfeito;CONCLUIDO;
2;12;00776;Avaliação Docente UniCatolica 2026.2;224;1;91667480;Medicina Veterinária;206383;13;Segurança interna das unidades;B;Bom;CONCLUIDO;
2;12;00776;Avaliação Docente UniCatolica 2026.2;224;1;91667480;Medicina Veterinária;206383;14;Segurança externa das unidades;C;Regular;CONCLUIDO;
2;12;00776;Avaliação Docente UniCatolica 2026.2;224;1;91667480;Medicina Veterinária;206383;15;Comentários/Sugestões para melhorias:;;;CONCLUIDO;
2;12;00776;Avaliação Docente UniCatolica 2026.2;224;1;91667480;Medicina Veterinária;206383;2;Valorização e desenvolvimento dos profissionais;B;Bom;CONCLUIDO;
2;12;00776;Avaliação Docente UniCatolica 2026.2;224;1;91667480;Medicina Veterinária;206383;3;Transparência e participação gestão institucional;A;Excelente;CONCLUIDO;
2;12;00776;Avaliação Docente UniCatolica 2026.2;224;1;91667480;Medicina Veterinária;206383;4;Eficácia da comunicação interna;B;Bom;CONCLUIDO;
2;12;00776;Avaliação Docente UniCatolica 2026.2;224;1;91667480;Medicina Veterinária;206383;5;Adequação dos espaços físicos para as atividades de ensino (Salas de aula, Biblioteca etc.);A;Excelente;CONCLUIDO;
2;12;00776;Avaliação Docente UniCatolica 2026.2;224;1;91667480;Medicina Veterinária;206383;6;Adequação da infraestrutura tecnológica às necessidades pedagógicas (internet sem fio, serviços digitais, sistemas etc.);B;Bom;CONCLUIDO;
2;12;00776;Avaliação Docente UniCatolica 2026.2;224;1;91667480;Medicina Veterinária;206383;7;A acessibilidade aos espaços físicos;A;Excelente;CONCLUIDO;
2;12;00776;Avaliação Docente UniCatolica 2026.2;224;1;91667480;Medicina Veterinária;206383;8;Adequação da limpeza e conservação dos espaços (Sala de aula, banheiros, biblioteca etc.);A;Excelente;CONCLUIDO;
2;12;00776;Avaliação Docente UniCatolica 2026.2;224;1;91667480;Medicina Veterinária;206383;9;Clareza das normas de segurança para uso dos laboratórios;A;Excelente;CONCLUIDO;
2;12;00776;Avaliação Docente UniCatolica 2026.2;224;1;91723019;Agronomia;206383;1;Atendimento pela Secretaria Acadêmica (agilidade e eficiência);A;Excelente;CONCLUIDO;
2;12;00776;Avaliação Docente UniCatolica 2026.2;224;1;91723019;Agronomia;206383;10;Adequação dos espaços de convivência;B;Bom;CONCLUIDO;
2;12;00776;Avaliação Docente UniCatolica 2026.2;224;1;91723019;Agronomia;206383;11;Adequação dos serviços (terceirizados) da copiadora;A;Excelente;CONCLUIDO;
2;12;00776;Avaliação Docente UniCatolica 2026.2;224;1;91723019;Agronomia;206383;12;Adequação dos serviços (terceirizados) da lanchonete;A;Excelente;CONCLUIDO;
2;12;00776;Avaliação Docente UniCatolica 2026.2;224;1;91723019;Agronomia;206383;13;Segurança interna das unidades;C;Regular;CONCLUIDO;
2;12;00776;Avaliação Docente UniCatolica 2026.2;224;1;91723019;Agronomia;206383;14;Segurança externa das unidades;B;Bom;CONCLUIDO;
2;12;00776;Avaliação Docente UniCatolica 2026.2;224;1;91723019;Agronomia;206383;15;Comentários/Sugestões para melhorias:;;;CONCLUIDO;
2;12;00776;Avaliação Docente UniCatolica 2026.2;224;1;91723019;Agronomia;206383;2;Valorização e desenvolvimento dos profissionais;B;Bom;CONCLUIDO;
2;12;00776;Avaliação Docente UniCatolica 2026.2;224;1;91723019;Agronomia;206383;3;Transparência e participação gestão institucional;B;Bom;CONCLUIDO;
2;12;00776;Avaliação Docente UniCatolica 2026.2;224;1;91723019;Agronomia;206383;4;Eficácia da comunicação interna;B;Bom;CONCLUIDO;
2;12;00776;Avaliação Docente UniCatolica 2026.2;224;1;91723019;Agronomia;206383;5;Adequação dos espaços físicos para as atividades de ensino (Salas de aula, Biblioteca etc.);A;Excelente;CONCLUIDO;
2;12;00776;Avaliação Docente UniCatolica 2026.2;224;1;91723019;Agronomia;206383;6;Adequação da infraestrutura tecnológica às necessidades pedagógicas (internet sem fio, serviços digitais, sistemas etc.);B;Bom;CONCLUIDO;
2;12;00776;Avaliação Docente UniCatolica 2026.2;224;1;91723019;Agronomia;206383;7;A acessibilidade aos espaços físicos;C;Regular;CONCLUIDO;
2;12;00776;Avaliação Docente UniCatolica 2026.2;224;1;91723019;Agronomia;206383;8;Adequação da limpeza e conservação dos espaços (Sala de aula, banheiros, biblioteca etc.);A;Excelente;CONCLUIDO;
2;12;00776;Avaliação Docente UniCatolica 2026.2;224;1;91723019;Agronomia;206383;9;Clareza das normas de segurança para uso dos laboratórios;B;Bom;CONCLUIDO;
2;12;00776;Avaliação Docente UniCatolica 2026.2;224;1;91723019;Arquitetura e Urbanismo;206383;1;Atendimento pela Secretaria Acadêmica (agilidade e eficiência);A;Excelente;CONCLUIDO;
2;12;00776;Avaliação Docente UniCatolica 2026.2;224;1;91723019;Arquitetura e Urbanismo;206383;10;Adequação dos espaços de convivência;B;Bom;CONCLUIDO;
2;12;00776;Avaliação Docente UniCatolica 2026.2;224;1;91723019;Arquitetura e Urbanismo;206383;11;Adequação dos serviços (terceirizados) da copiadora;A;Excelente;CONCLUIDO;
2;12;00776;Avaliação Docente UniCatolica 2026.2;224;1;91723019;Arquitetura e Urbanismo;206383;12;Adequação dos serviços (terceirizados) da lanchonete;A;Excelente;CONCLUIDO;
2;12;00776;Avaliação Docente UniCatolica 2026.2;224;1;91723019;Arquitetura e Urbanismo;206383;13;Segurança interna das unidades;C;Regular;CONCLUIDO;
2;12;00776;Avaliação Docente UniCatolica 2026.2;224;1;91723019;Arquitetura e Urbanismo;206383;14;Segurança externa das unidades;B;Bom;CONCLUIDO;
2;12;00776;Avaliação Docente UniCatolica 2026.2;224;1;91723019;Arquitetura e Urbanismo;206383;15;Comentários/Sugestões para melhorias:;;;CONCLUIDO;
2;12;00776;Avaliação Docente UniCatolica 2026.2;224;1;91723019;Arquitetura e Urbanismo;206383;2;Valorização e desenvolvimento dos profissionais;B;Bom;CONCLUIDO;
2;12;00776;Avaliação Docente UniCatolica 2026.2;224;1;91723019;Arquitetura e Urbanismo;206383;3;Transparência e participação gestão institucional;B;Bom;CONCLUIDO;
2;12;00776;Avaliação Docente UniCatolica 2026.2;224;1;91723019;Arquitetura e Urbanismo;206383;4;Eficácia da comunicação interna;B;Bom;CONCLUIDO;
2;12;00776;Avaliação Docente UniCatolica 2026.2;224;1;91723019;Arquitetura e Urbanismo;206383;5;Adequação dos espaços físicos para as atividades de ensino (Salas de aula, Biblioteca etc.);A;Excelente;CONCLUIDO;
2;12;00776;Avaliação Docente UniCatolica 2026.2;224;1;91723019;Arquitetura e Urbanismo;206383;6;Adequação da infraestrutura tecnológica às necessidades pedagógicas (internet sem fio, serviços digitais, sistemas etc.);B;Bom;CONCLUIDO;
2;12;00776;Avaliação Docente UniCatolica 2026.2;224;1;91723019;Arquitetura e Urbanismo;206383;7;A acessibilidade aos espaços físicos;C;Regular;CONCLUIDO;
2;12;00776;Avaliação Docente UniCatolica 2026.2;224;1;91723019;Arquitetura e Urbanismo;206383;8;Adequação da limpeza e conservação dos espaços (Sala de aula, banheiros, biblioteca etc.);A;Excelente;CONCLUIDO;
2;12;00776;Avaliação Docente UniCatolica 2026.2;224;1;91723019;Arquitetura e Urbanismo;206383;9;Clareza das normas de segurança para uso dos laboratórios;B;Bom;CONCLUIDO;
2;12;00776;Avaliação Docente UniCatolica 2026.2;224;1;91723019;Engenharia Civil;206383;1;Atendimento pela Secretaria Acadêmica (agilidade e eficiência);A;Excelente;CONCLUIDO;
2;12;00776;Avaliação Docente UniCatolica 2026.2;224;1;91723019;Engenharia Civil;206383;10;Adequação dos espaços de convivência;B;Bom;CONCLUIDO;
2;12;00776;Avaliação Docente UniCatolica 2026.2;224;1;91723019;Engenharia Civil;206383;11;Adequação dos serviços (terceirizados) da copiadora;A;Excelente;CONCLUIDO;
2;12;00776;Avaliação Docente UniCatolica 2026.2;224;1;91723019;Engenharia Civil;206383;12;Adequação dos serviços (terceirizados) da lanchonete;A;Excelente;CONCLUIDO;
2;12;00776;Avaliação Docente UniCatolica 2026.2;224;1;91723019;Engenharia Civil;206383;13;Segurança interna das unidades;C;Regular;CONCLUIDO;
2;12;00776;Avaliação Docente UniCatolica 2026.2;224;1;91723019;Engenharia Civil;206383;14;Segurança externa das unidades;B;Bom;CONCLUIDO;
2;12;00776;Avaliação Docente UniCatolica 2026.2;224;1;91723019;Engenharia Civil;206383;15;Comentários/Sugestões para melhorias:;;;CONCLUIDO;
2;12;00776;Avaliação Docente UniCatolica 2026.2;224;1;91723019;Engenharia Civil;206383;2;Valorização e desenvolvimento dos profissionais;B;Bom;CONCLUIDO;
2;12;00776;Avaliação Docente UniCatolica 2026.2;224;1;91723019;Engenharia Civil;206383;3;Transparência e participação gestão institucional;B;Bom;CONCLUIDO;
2;12;00776;Avaliação Docente UniCatolica 2026.2;224;1;91723019;Engenharia Civil;206383;4;Eficácia da comunicação interna;B;Bom;CONCLUIDO;
2;12;00776;Avaliação Docente UniCatolica 2026.2;224;1;91723019;Engenharia Civil;206383;5;Adequação dos espaços físicos para as atividades de ensino (Salas de aula, Biblioteca etc.);A;Excelente;CONCLUIDO;
2;12;00776;Avaliação Docente UniCatolica 2026.2;224;1;91723019;Engenharia Civil;206383;6;Adequação da infraestrutura tecnológica às necessidades pedagógicas (internet sem fio, serviços digitais, sistemas etc.);B;Bom;CONCLUIDO;
2;12;00776;Avaliação Docente UniCatolica 2026.2;224;1;91723019;Engenharia Civil;206383;7;A acessibilidade aos espaços físicos;C;Regular;CONCLUIDO;
2;12;00776;Avaliação Docente UniCatolica 2026.2;224;1;91723019;Engenharia Civil;206383;8;Adequação da limpeza e conservação dos espaços (Sala de aula, banheiros, biblioteca etc.);A;Excelente;CONCLUIDO;
2;12;00776;Avaliação Docente UniCatolica 2026.2;224;1;91723019;Engenharia Civil;206383;9;Clareza das normas de segurança para uso dos laboratórios;B;Bom;CONCLUIDO;
2;12;00776;Avaliação Docente UniCatolica 2026.2;224;1;91736991;Agronomia;206383;1;Atendimento pela Secretaria Acadêmica (agilidade e eficiência);A;Excelente;CONCLUIDO;
2;12;00776;Avaliação Docente UniCatolica 2026.2;224;1;91736991;Agronomia;206383;10;Adequação dos espaços de convivência;A;Excelente;CONCLUIDO;
2;12;00776;Avaliação Docente UniCatolica 2026.2;224;1;91736991;Agronomia;206383;11;Adequação dos serviços (terceirizados) da copiadora;C;Regular;CONCLUIDO;
2;12;00776;Avaliação Docente UniCatolica 2026.2;224;1;91736991;Agronomia;206383;12;Adequação dos serviços (terceirizados) da lanchonete;C;Regular;CONCLUIDO;
2;12;00776;Avaliação Docente UniCatolica 2026.2;224;1;91736991;Agronomia;206383;13;Segurança interna das unidades;A;Excelente;CONCLUIDO;
2;12;00776;Avaliação Docente UniCatolica 2026.2;224;1;91736991;Agronomia;206383;14;Segurança externa das unidades;A;Excelente;CONCLUIDO;
2;12;00776;Avaliação Docente UniCatolica 2026.2;224;1;91736991;Agronomia;206383;15;Comentários/Sugestões para melhorias:;;;CONCLUIDO;
2;12;00776;Avaliação Docente UniCatolica 2026.2;224;1;91736991;Agronomia;206383;2;Valorização e desenvolvimento dos profissionais;A;Excelente;CONCLUIDO;
2;12;00776;Avaliação Docente UniCatolica 2026.2;224;1;91736991;Agronomia;206383;3;Transparência e participação gestão institucional;A;Excelente;CONCLUIDO;
2;12;00776;Avaliação Docente UniCatolica 2026.2;224;1;91736991;Agronomia;206383;4;Eficácia da comunicação interna;B;Bom;CONCLUIDO;
2;12;00776;Avaliação Docente UniCatolica 2026.2;224;1;91736991;Agronomia;206383;5;Adequação dos espaços físicos para as atividades de ensino (Salas de aula, Biblioteca etc.);A;Excelente;CONCLUIDO;
2;12;00776;Avaliação Docente UniCatolica 2026.2;224;1;91736991;Agronomia;206383;6;Adequação da infraestrutura tecnológica às necessidades pedagógicas (internet sem fio, serviços digitais, sistemas etc.);A;Excelente;CONCLUIDO;
2;12;00776;Avaliação Docente UniCatolica 2026.2;224;1;91736991;Agronomia;206383;7;A acessibilidade aos espaços físicos;A;Excelente;CONCLUIDO;
2;12;00776;Avaliação Docente UniCatolica 2026.2;224;1;91736991;Agronomia;206383;8;Adequação da limpeza e conservação dos espaços (Sala de aula, banheiros, biblioteca etc.);A;Excelente;CONCLUIDO;
2;12;00776;Avaliação Docente UniCatolica 2026.2;224;1;91736991;Agronomia;206383;9;Clareza das normas de segurança para uso dos laboratórios;B;Bom;CONCLUIDO;
2;12;00776;Avaliação Docente UniCatolica 2026.2;224;1;91736991;Zootecnia;206383;1;Atendimento pela Secretaria Acadêmica (agilidade e eficiência);A;Excelente;CONCLUIDO;
2;12;00776;Avaliação Docente UniCatolica 2026.2;224;1;91736991;Zootecnia;206383;10;Adequação dos espaços de convivência;A;Excelente;CONCLUIDO;
2;12;00776;Avaliação Docente UniCatolica 2026.2;224;1;91736991;Zootecnia;206383;11;Adequação dos serviços (terceirizados) da copiadora;C;Regular;CONCLUIDO;
2;12;00776;Avaliação Docente UniCatolica 2026.2;224;1;91736991;Zootecnia;206383;12;Adequação dos serviços (terceirizados) da lanchonete;C;Regular;CONCLUIDO;
2;12;00776;Avaliação Docente UniCatolica 2026.2;224;1;91736991;Zootecnia;206383;13;Segurança interna das unidades;A;Excelente;CONCLUIDO;
2;12;00776;Avaliação Docente UniCatolica 2026.2;224;1;91736991;Zootecnia;206383;14;Segurança externa das unidades;A;Excelente;CONCLUIDO;
2;12;00776;Avaliação Docente UniCatolica 2026.2;224;1;91736991;Zootecnia;206383;15;Comentários/Sugestões para melhorias:;;;CONCLUIDO;
2;12;00776;Avaliação Docente UniCatolica 2026.2;224;1;91736991;Zootecnia;206383;2;Valorização e desenvolvimento dos profissionais;A;Excelente;CONCLUIDO;
2;12;00776;Avaliação Docente UniCatolica 2026.2;224;1;91736991;Zootecnia;206383;3;Transparência e participação gestão institucional;A;Excelente;CONCLUIDO;
2;12;00776;Avaliação Docente UniCatolica 2026.2;224;1;91736991;Zootecnia;206383;4;Eficácia da comunicação interna;B;Bom;CONCLUIDO;
2;12;00776;Avaliação Docente UniCatolica 2026.2;224;1;91736991;Zootecnia;206383;5;Adequação dos espaços físicos para as atividades de ensino (Salas de aula, Biblioteca etc.);A;Excelente;CONCLUIDO;
2;12;00776;Avaliação Docente UniCatolica 2026.2;224;1;91736991;Zootecnia;206383;6;Adequação da infraestrutura tecnológica às necessidades pedagógicas (internet sem fio, serviços digitais, sistemas etc.);A;Excelente;CONCLUIDO;
2;12;00776;Avaliação Docente UniCatolica 2026.2;224;1;91736991;Zootecnia;206383;7;A acessibilidade aos espaços físicos;A;Excelente;CONCLUIDO;
2;12;00776;Avaliação Docente UniCatolica 2026.2;224;1;91736991;Zootecnia;206383;8;Adequação da limpeza e conservação dos espaços (Sala de aula, banheiros, biblioteca etc.);A;Excelente;CONCLUIDO;
2;12;00776;Avaliação Docente UniCatolica 2026.2;224;1;91736991;Zootecnia;206383;9;Clareza das normas de segurança para uso dos laboratórios;B;Bom;CONCLUIDO;
2;12;00776;Avaliação Docente UniCatolica 2026.2;224;1;91737584;Administração;206383;1;Atendimento pela Secretaria Acadêmica (agilidade e eficiência);A;Excelente;CONCLUIDO;
2;12;00776;Avaliação Docente UniCatolica 2026.2;224;1;91737584;Administração;206383;10;Adequação dos espaços de convivência;B;Bom;CONCLUIDO;
2;12;00776;Avaliação Docente UniCatolica 2026.2;224;1;91737584;Administração;206383;11;Adequação dos serviços (terceirizados) da copiadora;A;Excelente;CONCLUIDO;
2;12;00776;Avaliação Docente UniCatolica 2026.2;224;1;91737584;Administração;206383;12;Adequação dos serviços (terceirizados) da lanchonete;B;Bom;CONCLUIDO;
2;12;00776;Avaliação Docente UniCatolica 2026.2;224;1;91737584;Administração;206383;13;Segurança interna das unidades;A;Excelente;CONCLUIDO;
2;12;00776;Avaliação Docente UniCatolica 2026.2;224;1;91737584;Administração;206383;14;Segurança externa das unidades;A;Excelente;CONCLUIDO;
2;12;00776;Avaliação Docente UniCatolica 2026.2;224;1;91737584;Administração;206383;15;Comentários/Sugestões para melhorias:;;;CONCLUIDO;
2;12;00776;Avaliação Docente UniCatolica 2026.2;224;1;91737584;Administração;206383;2;Valorização e desenvolvimento dos profissionais;A;Excelente;CONCLUIDO;
2;12;00776;Avaliação Docente UniCatolica 2026.2;224;1;91737584;Administração;206383;3;Transparência e participação gestão institucional;A;Excelente;CONCLUIDO;
2;12;00776;Avaliação Docente UniCatolica 2026.2;224;1;91737584;Administração;206383;4;Eficácia da comunicação interna;A;Excelente;CONCLUIDO;
2;12;00776;Avaliação Docente UniCatolica 2026.2;224;1;91737584;Administração;206383;5;Adequação dos espaços físicos para as atividades de ensino (Salas de aula, Biblioteca etc.);A;Excelente;CONCLUIDO;
2;12;00776;Avaliação Docente UniCatolica 2026.2;224;1;91737584;Administração;206383;6;Adequação da infraestrutura tecnológica às necessidades pedagógicas (internet sem fio, serviços digitais, sistemas etc.);A;Excelente;CONCLUIDO;
2;12;00776;Avaliação Docente UniCatolica 2026.2;224;1;91737584;Administração;206383;7;A acessibilidade aos espaços físicos;A;Excelente;CONCLUIDO;
2;12;00776;Avaliação Docente UniCatolica 2026.2;224;1;91737584;Administração;206383;8;Adequação da limpeza e conservação dos espaços (Sala de aula, banheiros, biblioteca etc.);B;Bom;CONCLUIDO;
2;12;00776;Avaliação Docente UniCatolica 2026.2;224;1;91737584;Administração;206383;9;Clareza das normas de segurança para uso dos laboratórios;B;Bom;CONCLUIDO;
2;12;00776;Avaliação Docente UniCatolica 2026.2;224;1;91737584;Ciências Contábeis;206383;1;Atendimento pela Secretaria Acadêmica (agilidade e eficiência);A;Excelente;CONCLUIDO;
2;12;00776;Avaliação Docente UniCatolica 2026.2;224;1;91737584;Ciências Contábeis;206383;10;Adequação dos espaços de convivência;B;Bom;CONCLUIDO;
2;12;00776;Avaliação Docente UniCatolica 2026.2;224;1;91737584;Ciências Contábeis;206383;11;Adequação dos serviços (terceirizados) da copiadora;A;Excelente;CONCLUIDO;
2;12;00776;Avaliação Docente UniCatolica 2026.2;224;1;91737584;Ciências Contábeis;206383;12;Adequação dos serviços (terceirizados) da lanchonete;B;Bom;CONCLUIDO;
2;12;00776;Avaliação Docente UniCatolica 2026.2;224;1;91737584;Ciências Contábeis;206383;13;Segurança interna das unidades;A;Excelente;CONCLUIDO;
2;12;00776;Avaliação Docente UniCatolica 2026.2;224;1;91737584;Ciências Contábeis;206383;14;Segurança externa das unidades;A;Excelente;CONCLUIDO;
2;12;00776;Avaliação Docente UniCatolica 2026.2;224;1;91737584;Ciências Contábeis;206383;15;Comentários/Sugestões para melhorias:;;;CONCLUIDO;
2;12;00776;Avaliação Docente UniCatolica 2026.2;224;1;91737584;Ciências Contábeis;206383;2;Valorização e desenvolvimento dos profissionais;A;Excelente;CONCLUIDO;
2;12;00776;Avaliação Docente UniCatolica 2026.2;224;1;91737584;Ciências Contábeis;206383;3;Transparência e participação gestão institucional;A;Excelente;CONCLUIDO;
2;12;00776;Avaliação Docente UniCatolica 2026.2;224;1;91737584;Ciências Contábeis;206383;4;Eficácia da comunicação interna;A;Excelente;CONCLUIDO;
2;12;00776;Avaliação Docente UniCatolica 2026.2;224;1;91737584;Ciências Contábeis;206383;5;Adequação dos espaços físicos para as atividades de ensino (Salas de aula, Biblioteca etc.);A;Excelente;CONCLUIDO;
2;12;00776;Avaliação Docente UniCatolica 2026.2;224;1;91737584;Ciências Contábeis;206383;6;Adequação da infraestrutura tecnológica às necessidades pedagógicas (internet sem fio, serviços digitais, sistemas etc.);A;Excelente;CONCLUIDO;
2;12;00776;Avaliação Docente UniCatolica 2026.2;224;1;91737584;Ciências Contábeis;206383;7;A acessibilidade aos espaços físicos;A;Excelente;CONCLUIDO;
2;12;00776;Avaliação Docente UniCatolica 2026.2;224;1;91737584;Ciências Contábeis;206383;8;Adequação da limpeza e conservação dos espaços (Sala de aula, banheiros, biblioteca etc.);B;Bom;CONCLUIDO;
2;12;00776;Avaliação Docente UniCatolica 2026.2;224;1;91737584;Ciências Contábeis;206383;9;Clareza das normas de segurança para uso dos laboratórios;B;Bom;CONCLUIDO;
2;12;00776;Avaliação Docente UniCatolica 2026.2;224;1;91747037;Psicologia;206383;1;Atendimento pela Secretaria Acadêmica (agilidade e eficiência);B;Bom;CONCLUIDO;
2;12;00776;Avaliação Docente UniCatolica 2026.2;224;1;91747037;Psicologia;206383;10;Adequação dos espaços de convivência;A;Excelente;CONCLUIDO;
2;12;00776;Avaliação Docente UniCatolica 2026.2;224;1;91747037;Psicologia;206383;11;Adequação dos serviços (terceirizados) da copiadora;A;Excelente;CONCLUIDO;
2;12;00776;Avaliação Docente UniCatolica 2026.2;224;1;91747037;Psicologia;206383;12;Adequação dos serviços (terceirizados) da lanchonete;B;Bom;CONCLUIDO;
2;12;00776;Avaliação Docente UniCatolica 2026.2;224;1;91747037;Psicologia;206383;13;Segurança interna das unidades;A;Excelente;CONCLUIDO;
2;12;00776;Avaliação Docente UniCatolica 2026.2;224;1;91747037;Psicologia;206383;14;Segurança externa das unidades;A;Excelente;CONCLUIDO;
2;12;00776;Avaliação Docente UniCatolica 2026.2;224;1;91747037;Psicologia;206383;15;Comentários/Sugestões para melhorias:;;;CONCLUIDO;
2;12;00776;Avaliação Docente UniCatolica 2026.2;224;1;91747037;Psicologia;206383;2;Valorização e desenvolvimento dos profissionais;B;Bom;CONCLUIDO;
2;12;00776;Avaliação Docente UniCatolica 2026.2;224;1;91747037;Psicologia;206383;3;Transparência e participação gestão institucional;B;Bom;CONCLUIDO;
2;12;00776;Avaliação Docente UniCatolica 2026.2;224;1;91747037;Psicologia;206383;4;Eficácia da comunicação interna;A;Excelente;CONCLUIDO;
2;12;00776;Avaliação Docente UniCatolica 2026.2;224;1;91747037;Psicologia;206383;5;Adequação dos espaços físicos para as atividades de ensino (Salas de aula, Biblioteca etc.);A;Excelente;CONCLUIDO;
2;12;00776;Avaliação Docente UniCatolica 2026.2;224;1;91747037;Psicologia;206383;6;Adequação da infraestrutura tecnológica às necessidades pedagógicas (internet sem fio, serviços digitais, sistemas etc.);B;Bom;CONCLUIDO;
2;12;00776;Avaliação Docente UniCatolica 2026.2;224;1;91747037;Psicologia;206383;7;A acessibilidade aos espaços físicos;B;Bom;CONCLUIDO;
2;12;00776;Avaliação Docente UniCatolica 2026.2;224;1;91747037;Psicologia;206383;8;Adequação da limpeza e conservação dos espaços (Sala de aula, banheiros, biblioteca etc.);B;Bom;CONCLUIDO;
2;12;00776;Avaliação Docente UniCatolica 2026.2;224;1;91747037;Psicologia;206383;9;Clareza das normas de segurança para uso dos laboratórios;B;Bom;CONCLUIDO;
2;12;00776;Avaliação Docente UniCatolica 2026.2;224;1;91756121;Administração;206383;1;Atendimento pela Secretaria Acadêmica (agilidade e eficiência);B;Bom;CONCLUIDO;
2;12;00776;Avaliação Docente UniCatolica 2026.2;224;1;91756121;Administração;206383;10;Adequação dos espaços de convivência;A;Excelente;CONCLUIDO;
2;12;00776;Avaliação Docente UniCatolica 2026.2;224;1;91756121;Administração;206383;11;Adequação dos serviços (terceirizados) da copiadora;B;Bom;CONCLUIDO;
2;12;00776;Avaliação Docente UniCatolica 2026.2;224;1;91756121;Administração;206383;12;Adequação dos serviços (terceirizados) da lanchonete;B;Bom;CONCLUIDO;
2;12;00776;Avaliação Docente UniCatolica 2026.2;224;1;91756121;Administração;206383;13;Segurança interna das unidades;B;Bom;CONCLUIDO;
2;12;00776;Avaliação Docente UniCatolica 2026.2;224;1;91756121;Administração;206383;14;Segurança externa das unidades;B;Bom;CONCLUIDO;
2;12;00776;Avaliação Docente UniCatolica 2026.2;224;1;91756121;Administração;206383;15;Comentários/Sugestões para melhorias:;;;CONCLUIDO;
2;12;00776;Avaliação Docente UniCatolica 2026.2;224;1;91756121;Administração;206383;2;Valorização e desenvolvimento dos profissionais;B;Bom;CONCLUIDO;
2;12;00776;Avaliação Docente UniCatolica 2026.2;224;1;91756121;Administração;206383;3;Transparência e participação gestão institucional;B;Bom;CONCLUIDO;
2;12;00776;Avaliação Docente UniCatolica 2026.2;224;1;91756121;Administração;206383;4;Eficácia da comunicação interna;B;Bom;CONCLUIDO;
2;12;00776;Avaliação Docente UniCatolica 2026.2;224;1;91756121;Administração;206383;5;Adequação dos espaços físicos para as atividades de ensino (Salas de aula, Biblioteca etc.);A;Excelente;CONCLUIDO;
2;12;00776;Avaliação Docente UniCatolica 2026.2;224;1;91756121;Administração;206383;6;Adequação da infraestrutura tecnológica às necessidades pedagógicas (internet sem fio, serviços digitais, sistemas etc.);A;Excelente;CONCLUIDO;
2;12;00776;Avaliação Docente UniCatolica 2026.2;224;1;91756121;Administração;206383;7;A acessibilidade aos espaços físicos;A;Excelente;CONCLUIDO;
2;12;00776;Avaliação Docente UniCatolica 2026.2;224;1;91756121;Administração;206383;8;Adequação da limpeza e conservação dos espaços (Sala de aula, banheiros, biblioteca etc.);A;Excelente;CONCLUIDO;
2;12;00776;Avaliação Docente UniCatolica 2026.2;224;1;91756121;Administração;206383;9;Clareza das normas de segurança para uso dos laboratórios;A;Excelente;CONCLUIDO;
2;12;00776;Avaliação Docente UniCatolica 2026.2;224;1;91756986;Psicologia;206383;1;Atendimento pela Secretaria Acadêmica (agilidade e eficiência);B;Bom;CONCLUIDO;
2;12;00776;Avaliação Docente UniCatolica 2026.2;224;1;91756986;Psicologia;206383;10;Adequação dos espaços de convivência;A;Excelente;CONCLUIDO;
2;12;00776;Avaliação Docente UniCatolica 2026.2;224;1;91756986;Psicologia;206383;11;Adequação dos serviços (terceirizados) da copiadora;A;Excelente;CONCLUIDO;
2;12;00776;Avaliação Docente UniCatolica 2026.2;224;1;91756986;Psicologia;206383;12;Adequação dos serviços (terceirizados) da lanchonete;B;Bom;CONCLUIDO;
2;12;00776;Avaliação Docente UniCatolica 2026.2;224;1;91756986;Psicologia;206383;13;Segurança interna das unidades;A;Excelente;CONCLUIDO;
2;12;00776;Avaliação Docente UniCatolica 2026.2;224;1;91756986;Psicologia;206383;14;Segurança externa das unidades;A;Excelente;CONCLUIDO;
2;12;00776;Avaliação Docente UniCatolica 2026.2;224;1;91756986;Psicologia;206383;15;Comentários/Sugestões para melhorias:;;;CONCLUIDO;
2;12;00776;Avaliação Docente UniCatolica 2026.2;224;1;91756986;Psicologia;206383;2;Valorização e desenvolvimento dos profissionais;B;Bom;CONCLUIDO;
2;12;00776;Avaliação Docente UniCatolica 2026.2;224;1;91756986;Psicologia;206383;3;Transparência e participação gestão institucional;B;Bom;CONCLUIDO;
2;12;00776;Avaliação Docente UniCatolica 2026.2;224;1;91756986;Psicologia;206383;4;Eficácia da comunicação interna;B;Bom;CONCLUIDO;
2;12;00776;Avaliação Docente UniCatolica 2026.2;224;1;91756986;Psicologia;206383;5;Adequação dos espaços físicos para as atividades de ensino (Salas de aula, Biblioteca etc.);A;Excelente;CONCLUIDO;
2;12;00776;Avaliação Docente UniCatolica 2026.2;224;1;91756986;Psicologia;206383;6;Adequação da infraestrutura tecnológica às necessidades pedagógicas (internet sem fio, serviços digitais, sistemas etc.);B;Bom;CONCLUIDO;
2;12;00776;Avaliação Docente UniCatolica 2026.2;224;1;91756986;Psicologia;206383;7;A acessibilidade aos espaços físicos;B;Bom;CONCLUIDO;
2;12;00776;Avaliação Docente UniCatolica 2026.2;224;1;91756986;Psicologia;206383;8;Adequação da limpeza e conservação dos espaços (Sala de aula, banheiros, biblioteca etc.);A;Excelente;CONCLUIDO;
2;12;00776;Avaliação Docente UniCatolica 2026.2;224;1;91756986;Psicologia;206383;9;Clareza das normas de segurança para uso dos laboratórios;A;Excelente;CONCLUIDO;
2;12;00776;Avaliação Docente UniCatolica 2026.2;224;1;91757783;Enfermagem;206383;1;Atendimento pela Secretaria Acadêmica (agilidade e eficiência);B;Bom;CONCLUIDO;
2;12;00776;Avaliação Docente UniCatolica 2026.2;224;1;91757783;Enfermagem;206383;10;Adequação dos espaços de convivência;A;Excelente;CONCLUIDO;
2;12;00776;Avaliação Docente UniCatolica 2026.2;224;1;91757783;Enfermagem;206383;11;Adequação dos serviços (terceirizados) da copiadora;A;Excelente;CONCLUIDO;
2;12;00776;Avaliação Docente UniCatolica 2026.2;224;1;91757783;Enfermagem;206383;12;Adequação dos serviços (terceirizados) da lanchonete;A;Excelente;CONCLUIDO;
2;12;00776;Avaliação Docente UniCatolica 2026.2;224;1;91757783;Enfermagem;206383;13;Segurança interna das unidades;B;Bom;CONCLUIDO;
2;12;00776;Avaliação Docente UniCatolica 2026.2;224;1;91757783;Enfermagem;206383;14;Segurança externa das unidades;B;Bom;CONCLUIDO;
2;12;00776;Avaliação Docente UniCatolica 2026.2;224;1;91757783;Enfermagem;206383;15;Comentários/Sugestões para melhorias:;;;CONCLUIDO;
2;12;00776;Avaliação Docente UniCatolica 2026.2;224;1;91757783;Enfermagem;206383;2;Valorização e desenvolvimento dos profissionais;A;Excelente;CONCLUIDO;
2;12;00776;Avaliação Docente UniCatolica 2026.2;224;1;91757783;Enfermagem;206383;3;Transparência e participação gestão institucional;A;Excelente;CONCLUIDO;
2;12;00776;Avaliação Docente UniCatolica 2026.2;224;1;91757783;Enfermagem;206383;4;Eficácia da comunicação interna;B;Bom;CONCLUIDO;
2;12;00776;Avaliação Docente UniCatolica 2026.2;224;1;91757783;Enfermagem;206383;5;Adequação dos espaços físicos para as atividades de ensino (Salas de aula, Biblioteca etc.);A;Excelente;CONCLUIDO;
2;12;00776;Avaliação Docente UniCatolica 2026.2;224;1;91757783;Enfermagem;206383;6;Adequação da infraestrutura tecnológica às necessidades pedagógicas (internet sem fio, serviços digitais, sistemas etc.);B;Bom;CONCLUIDO;
2;12;00776;Avaliação Docente UniCatolica 2026.2;224;1;91757783;Enfermagem;206383;7;A acessibilidade aos espaços físicos;B;Bom;CONCLUIDO;
2;12;00776;Avaliação Docente UniCatolica 2026.2;224;1;91757783;Enfermagem;206383;8;Adequação da limpeza e conservação dos espaços (Sala de aula, banheiros, biblioteca etc.);A;Excelente;CONCLUIDO;
2;12;00776;Avaliação Docente UniCatolica 2026.2;224;1;91757783;Enfermagem;206383;9;Clareza das normas de segurança para uso dos laboratórios;A;Excelente;CONCLUIDO;
2;12;00776;Avaliação Docente UniCatolica 2026.2;224;1;91759903;Psicologia;206383;1;Atendimento pela Secretaria Acadêmica (agilidade e eficiência);C;Regular;CONCLUIDO;
2;12;00776;Avaliação Docente UniCatolica 2026.2;224;1;91759903;Psicologia;206383;10;Adequação dos espaços de convivência;A;Excelente;CONCLUIDO;
2;12;00776;Avaliação Docente UniCatolica 2026.2;224;1;91759903;Psicologia;206383;11;Adequação dos serviços (terceirizados) da copiadora;A;Excelente;CONCLUIDO;
2;12;00776;Avaliação Docente UniCatolica 2026.2;224;1;91759903;Psicologia;206383;12;Adequação dos serviços (terceirizados) da lanchonete;A;Excelente;CONCLUIDO;
2;12;00776;Avaliação Docente UniCatolica 2026.2;224;1;91759903;Psicologia;206383;13;Segurança interna das unidades;A;Excelente;CONCLUIDO;
2;12;00776;Avaliação Docente UniCatolica 2026.2;224;1;91759903;Psicologia;206383;14;Segurança externa das unidades;A;Excelente;CONCLUIDO;
2;12;00776;Avaliação Docente UniCatolica 2026.2;224;1;91759903;Psicologia;206383;15;Comentários/Sugestões para melhorias:;;;CONCLUIDO;
2;12;00776;Avaliação Docente UniCatolica 2026.2;224;1;91759903;Psicologia;206383;2;Valorização e desenvolvimento dos profissionais;A;Excelente;CONCLUIDO;
2;12;00776;Avaliação Docente UniCatolica 2026.2;224;1;91759903;Psicologia;206383;3;Transparência e participação gestão institucional;A;Excelente;CONCLUIDO;
2;12;00776;Avaliação Docente UniCatolica 2026.2;224;1;91759903;Psicologia;206383;4;Eficácia da comunicação interna;A;Excelente;CONCLUIDO;
2;12;00776;Avaliação Docente UniCatolica 2026.2;224;1;91759903;Psicologia;206383;5;Adequação dos espaços físicos para as atividades de ensino (Salas de aula, Biblioteca etc.);A;Excelente;CONCLUIDO;
2;12;00776;Avaliação Docente UniCatolica 2026.2;224;1;91759903;Psicologia;206383;6;Adequação da infraestrutura tecnológica às necessidades pedagógicas (internet sem fio, serviços digitais, sistemas etc.);B;Bom;CONCLUIDO;
2;12;00776;Avaliação Docente UniCatolica 2026.2;224;1;91759903;Psicologia;206383;7;A acessibilidade aos espaços físicos;A;Excelente;CONCLUIDO;
2;12;00776;Avaliação Docente UniCatolica 2026.2;224;1;91759903;Psicologia;206383;8;Adequação da limpeza e conservação dos espaços (Sala de aula, banheiros, biblioteca etc.);A;Excelente;CONCLUIDO;
2;12;00776;Avaliação Docente UniCatolica 2026.2;224;1;91759903;Psicologia;206383;9;Clareza das normas de segurança para uso dos laboratórios;A;Excelente;CONCLUIDO;
2;12;00776;Avaliação Docente UniCatolica 2026.2;224;1;91803418;Engenharia Civil;206383;1;Atendimento pela Secretaria Acadêmica (agilidade e eficiência);A;Excelente;CONCLUIDO;
2;12;00776;Avaliação Docente UniCatolica 2026.2;224;1;91803418;Engenharia Civil;206383;10;Adequação dos espaços de convivência;A;Excelente;CONCLUIDO;
2;12;00776;Avaliação Docente UniCatolica 2026.2;224;1;91803418;Engenharia Civil;206383;11;Adequação dos serviços (terceirizados) da copiadora;A;Excelente;CONCLUIDO;
2;12;00776;Avaliação Docente UniCatolica 2026.2;224;1;91803418;Engenharia Civil;206383;12;Adequação dos serviços (terceirizados) da lanchonete;A;Excelente;CONCLUIDO;
2;12;00776;Avaliação Docente UniCatolica 2026.2;224;1;91803418;Engenharia Civil;206383;13;Segurança interna das unidades;A;Excelente;CONCLUIDO;
2;12;00776;Avaliação Docente UniCatolica 2026.2;224;1;91803418;Engenharia Civil;206383;14;Segurança externa das unidades;A;Excelente;CONCLUIDO;
2;12;00776;Avaliação Docente UniCatolica 2026.2;224;1;91803418;Engenharia Civil;206383;15;Comentários/Sugestões para melhorias:;;;CONCLUIDO;Excelente instituiçao, onde podemos atuar de maneira plena na relação de ensino e aprendizado.
2;12;00776;Avaliação Docente UniCatolica 2026.2;224;1;91803418;Engenharia Civil;206383;2;Valorização e desenvolvimento dos profissionais;A;Excelente;CONCLUIDO;
2;12;00776;Avaliação Docente UniCatolica 2026.2;224;1;91803418;Engenharia Civil;206383;3;Transparência e participação gestão institucional;A;Excelente;CONCLUIDO;
2;12;00776;Avaliação Docente UniCatolica 2026.2;224;1;91803418;Engenharia Civil;206383;4;Eficácia da comunicação interna;A;Excelente;CONCLUIDO;
2;12;00776;Avaliação Docente UniCatolica 2026.2;224;1;91803418;Engenharia Civil;206383;5;Adequação dos espaços físicos para as atividades de ensino (Salas de aula, Biblioteca etc.);A;Excelente;CONCLUIDO;
2;12;00776;Avaliação Docente UniCatolica 2026.2;224;1;91803418;Engenharia Civil;206383;6;Adequação da infraestrutura tecnológica às necessidades pedagógicas (internet sem fio, serviços digitais, sistemas etc.);A;Excelente;CONCLUIDO;
2;12;00776;Avaliação Docente UniCatolica 2026.2;224;1;91803418;Engenharia Civil;206383;7;A acessibilidade aos espaços físicos;A;Excelente;CONCLUIDO;
2;12;00776;Avaliação Docente UniCatolica 2026.2;224;1;91803418;Engenharia Civil;206383;8;Adequação da limpeza e conservação dos espaços (Sala de aula, banheiros, biblioteca etc.);A;Excelente;CONCLUIDO;
2;12;00776;Avaliação Docente UniCatolica 2026.2;224;1;91803418;Engenharia Civil;206383;9;Clareza das normas de segurança para uso dos laboratórios;A;Excelente;CONCLUIDO;
2;12;00776;Avaliação Docente UniCatolica 2026.2;224;1;91805543;Agronomia;206383;1;Atendimento pela Secretaria Acadêmica (agilidade e eficiência);A;Excelente;CONCLUIDO;
2;12;00776;Avaliação Docente UniCatolica 2026.2;224;1;91805543;Agronomia;206383;10;Adequação dos espaços de convivência;A;Excelente;CONCLUIDO;
2;12;00776;Avaliação Docente UniCatolica 2026.2;224;1;91805543;Agronomia;206383;11;Adequação dos serviços (terceirizados) da copiadora;B;Bom;CONCLUIDO;
2;12;00776;Avaliação Docente UniCatolica 2026.2;224;1;91805543;Agronomia;206383;12;Adequação dos serviços (terceirizados) da lanchonete;B;Bom;CONCLUIDO;
2;12;00776;Avaliação Docente UniCatolica 2026.2;224;1;91805543;Agronomia;206383;13;Segurança interna das unidades;B;Bom;CONCLUIDO;
2;12;00776;Avaliação Docente UniCatolica 2026.2;224;1;91805543;Agronomia;206383;14;Segurança externa das unidades;B;Bom;CONCLUIDO;
2;12;00776;Avaliação Docente UniCatolica 2026.2;224;1;91805543;Agronomia;206383;15;Comentários/Sugestões para melhorias:;;;CONCLUIDO;Respostas definidas como B - Bom, representam satisfação com o elemento avaliado, mas sem cohecimento profundo suficiente para avaliar como A - Excelente.
2;12;00776;Avaliação Docente UniCatolica 2026.2;224;1;91805543;Agronomia;206383;2;Valorização e desenvolvimento dos profissionais;A;Excelente;CONCLUIDO;
2;12;00776;Avaliação Docente UniCatolica 2026.2;224;1;91805543;Agronomia;206383;3;Transparência e participação gestão institucional;B;Bom;CONCLUIDO;
2;12;00776;Avaliação Docente UniCatolica 2026.2;224;1;91805543;Agronomia;206383;4;Eficácia da comunicação interna;B;Bom;CONCLUIDO;
2;12;00776;Avaliação Docente UniCatolica 2026.2;224;1;91805543;Agronomia;206383;5;Adequação dos espaços físicos para as atividades de ensino (Salas de aula, Biblioteca etc.);A;Excelente;CONCLUIDO;
2;12;00776;Avaliação Docente UniCatolica 2026.2;224;1;91805543;Agronomia;206383;6;Adequação da infraestrutura tecnológica às necessidades pedagógicas (internet sem fio, serviços digitais, sistemas etc.);B;Bom;CONCLUIDO;
2;12;00776;Avaliação Docente UniCatolica 2026.2;224;1;91805543;Agronomia;206383;7;A acessibilidade aos espaços físicos;A;Excelente;CONCLUIDO;
2;12;00776;Avaliação Docente UniCatolica 2026.2;224;1;91805543;Agronomia;206383;8;Adequação da limpeza e conservação dos espaços (Sala de aula, banheiros, biblioteca etc.);A;Excelente;CONCLUIDO;
2;12;00776;Avaliação Docente UniCatolica 2026.2;224;1;91805543;Agronomia;206383;9;Clareza das normas de segurança para uso dos laboratórios;A;Excelente;CONCLUIDO;
2;12;00776;Avaliação Docente UniCatolica 2026.2;224;1;91817831;Psicologia;206383;1;Atendimento pela Secretaria Acadêmica (agilidade e eficiência);C;Regular;CONCLUIDO;
2;12;00776;Avaliação Docente UniCatolica 2026.2;224;1;91817831;Psicologia;206383;10;Adequação dos espaços de convivência;A;Excelente;CONCLUIDO;
2;12;00776;Avaliação Docente UniCatolica 2026.2;224;1;91817831;Psicologia;206383;11;Adequação dos serviços (terceirizados) da copiadora;A;Excelente;CONCLUIDO;
2;12;00776;Avaliação Docente UniCatolica 2026.2;224;1;91817831;Psicologia;206383;12;Adequação dos serviços (terceirizados) da lanchonete;A;Excelente;CONCLUIDO;
2;12;00776;Avaliação Docente UniCatolica 2026.2;224;1;91817831;Psicologia;206383;13;Segurança interna das unidades;A;Excelente;CONCLUIDO;
2;12;00776;Avaliação Docente UniCatolica 2026.2;224;1;91817831;Psicologia;206383;14;Segurança externa das unidades;A;Excelente;CONCLUIDO;
2;12;00776;Avaliação Docente UniCatolica 2026.2;224;1;91817831;Psicologia;206383;15;Comentários/Sugestões para melhorias:;;;CONCLUIDO;
2;12;00776;Avaliação Docente UniCatolica 2026.2;224;1;91817831;Psicologia;206383;2;Valorização e desenvolvimento dos profissionais;C;Regular;CONCLUIDO;
2;12;00776;Avaliação Docente UniCatolica 2026.2;224;1;91817831;Psicologia;206383;3;Transparência e participação gestão institucional;B;Bom;CONCLUIDO;
2;12;00776;Avaliação Docente UniCatolica 2026.2;224;1;91817831;Psicologia;206383;4;Eficácia da comunicação interna;B;Bom;CONCLUIDO;
2;12;00776;Avaliação Docente UniCatolica 2026.2;224;1;91817831;Psicologia;206383;5;Adequação dos espaços físicos para as atividades de ensino (Salas de aula, Biblioteca etc.);A;Excelente;CONCLUIDO;
2;12;00776;Avaliação Docente UniCatolica 2026.2;224;1;91817831;Psicologia;206383;6;Adequação da infraestrutura tecnológica às necessidades pedagógicas (internet sem fio, serviços digitais, sistemas etc.);B;Bom;CONCLUIDO;
2;12;00776;Avaliação Docente UniCatolica 2026.2;224;1;91817831;Psicologia;206383;7;A acessibilidade aos espaços físicos;B;Bom;CONCLUIDO;
2;12;00776;Avaliação Docente UniCatolica 2026.2;224;1;91817831;Psicologia;206383;8;Adequação da limpeza e conservação dos espaços (Sala de aula, banheiros, biblioteca etc.);A;Excelente;CONCLUIDO;
2;12;00776;Avaliação Docente UniCatolica 2026.2;224;1;91817831;Psicologia;206383;9;Clareza das normas de segurança para uso dos laboratórios;A;Excelente;CONCLUIDO;
2;12;00776;Avaliação Docente UniCatolica 2026.2;224;1;91817840;Psicologia;206383;1;Atendimento pela Secretaria Acadêmica (agilidade e eficiência);E;Muito Insatisfeito;CONCLUIDO;
2;12;00776;Avaliação Docente UniCatolica 2026.2;224;1;91817840;Psicologia;206383;10;Adequação dos espaços de convivência;B;Bom;CONCLUIDO;
2;12;00776;Avaliação Docente UniCatolica 2026.2;224;1;91817840;Psicologia;206383;11;Adequação dos serviços (terceirizados) da copiadora;A;Excelente;CONCLUIDO;
2;12;00776;Avaliação Docente UniCatolica 2026.2;224;1;91817840;Psicologia;206383;12;Adequação dos serviços (terceirizados) da lanchonete;B;Bom;CONCLUIDO;
2;12;00776;Avaliação Docente UniCatolica 2026.2;224;1;91817840;Psicologia;206383;13;Segurança interna das unidades;C;Regular;CONCLUIDO;
2;12;00776;Avaliação Docente UniCatolica 2026.2;224;1;91817840;Psicologia;206383;14;Segurança externa das unidades;D;Insatisfeito;CONCLUIDO;
2;12;00776;Avaliação Docente UniCatolica 2026.2;224;1;91817840;Psicologia;206383;15;Comentários/Sugestões para melhorias:;;;CONCLUIDO;Sugiro catraca na entrada da faculdade para aumentar a segurança.
2;12;00776;Avaliação Docente UniCatolica 2026.2;224;1;91817840;Psicologia;206383;2;Valorização e desenvolvimento dos profissionais;C;Regular;CONCLUIDO;
2;12;00776;Avaliação Docente UniCatolica 2026.2;224;1;91817840;Psicologia;206383;3;Transparência e participação gestão institucional;B;Bom;CONCLUIDO;
2;12;00776;Avaliação Docente UniCatolica 2026.2;224;1;91817840;Psicologia;206383;4;Eficácia da comunicação interna;B;Bom;CONCLUIDO;
2;12;00776;Avaliação Docente UniCatolica 2026.2;224;1;91817840;Psicologia;206383;5;Adequação dos espaços físicos para as atividades de ensino (Salas de aula, Biblioteca etc.);A;Excelente;CONCLUIDO;
2;12;00776;Avaliação Docente UniCatolica 2026.2;224;1;91817840;Psicologia;206383;6;Adequação da infraestrutura tecnológica às necessidades pedagógicas (internet sem fio, serviços digitais, sistemas etc.);B;Bom;CONCLUIDO;
2;12;00776;Avaliação Docente UniCatolica 2026.2;224;1;91817840;Psicologia;206383;7;A acessibilidade aos espaços físicos;B;Bom;CONCLUIDO;
2;12;00776;Avaliação Docente UniCatolica 2026.2;224;1;91817840;Psicologia;206383;8;Adequação da limpeza e conservação dos espaços (Sala de aula, banheiros, biblioteca etc.);A;Excelente;CONCLUIDO;
2;12;00776;Avaliação Docente UniCatolica 2026.2;224;1;91817840;Psicologia;206383;9;Clareza das normas de segurança para uso dos laboratórios;B;Bom;CONCLUIDO;
2;12;00776;Avaliação Docente UniCatolica 2026.2;224;1;91822925;Psicologia;206383;1;Atendimento pela Secretaria Acadêmica (agilidade e eficiência);A;Excelente;CONCLUIDO;
2;12;00776;Avaliação Docente UniCatolica 2026.2;224;1;91822925;Psicologia;206383;10;Adequação dos espaços de convivência;A;Excelente;CONCLUIDO;
2;12;00776;Avaliação Docente UniCatolica 2026.2;224;1;91822925;Psicologia;206383;11;Adequação dos serviços (terceirizados) da copiadora;A;Excelente;CONCLUIDO;
2;12;00776;Avaliação Docente UniCatolica 2026.2;224;1;91822925;Psicologia;206383;12;Adequação dos serviços (terceirizados) da lanchonete;C;Regular;CONCLUIDO;
2;12;00776;Avaliação Docente UniCatolica 2026.2;224;1;91822925;Psicologia;206383;13;Segurança interna das unidades;B;Bom;CONCLUIDO;
2;12;00776;Avaliação Docente UniCatolica 2026.2;224;1;91822925;Psicologia;206383;14;Segurança externa das unidades;B;Bom;CONCLUIDO;
2;12;00776;Avaliação Docente UniCatolica 2026.2;224;1;91822925;Psicologia;206383;15;Comentários/Sugestões para melhorias:;;;CONCLUIDO;
2;12;00776;Avaliação Docente UniCatolica 2026.2;224;1;91822925;Psicologia;206383;2;Valorização e desenvolvimento dos profissionais;B;Bom;CONCLUIDO;
2;12;00776;Avaliação Docente UniCatolica 2026.2;224;1;91822925;Psicologia;206383;3;Transparência e participação gestão institucional;B;Bom;CONCLUIDO;
2;12;00776;Avaliação Docente UniCatolica 2026.2;224;1;91822925;Psicologia;206383;4;Eficácia da comunicação interna;B;Bom;CONCLUIDO;
2;12;00776;Avaliação Docente UniCatolica 2026.2;224;1;91822925;Psicologia;206383;5;Adequação dos espaços físicos para as atividades de ensino (Salas de aula, Biblioteca etc.);A;Excelente;CONCLUIDO;
2;12;00776;Avaliação Docente UniCatolica 2026.2;224;1;91822925;Psicologia;206383;6;Adequação da infraestrutura tecnológica às necessidades pedagógicas (internet sem fio, serviços digitais, sistemas etc.);B;Bom;CONCLUIDO;
2;12;00776;Avaliação Docente UniCatolica 2026.2;224;1;91822925;Psicologia;206383;7;A acessibilidade aos espaços físicos;B;Bom;CONCLUIDO;
2;12;00776;Avaliação Docente UniCatolica 2026.2;224;1;91822925;Psicologia;206383;8;Adequação da limpeza e conservação dos espaços (Sala de aula, banheiros, biblioteca etc.);B;Bom;CONCLUIDO;
2;12;00776;Avaliação Docente UniCatolica 2026.2;224;1;91822925;Psicologia;206383;9;Clareza das normas de segurança para uso dos laboratórios;B;Bom;CONCLUIDO;
2;12;00776;Avaliação Docente UniCatolica 2026.2;224;1;91830063;Enfermagem;206383;1;Atendimento pela Secretaria Acadêmica (agilidade e eficiência);A;Excelente;CONCLUIDO;
2;12;00776;Avaliação Docente UniCatolica 2026.2;224;1;91830063;Enfermagem;206383;10;Adequação dos espaços de convivência;A;Excelente;CONCLUIDO;
2;12;00776;Avaliação Docente UniCatolica 2026.2;224;1;91830063;Enfermagem;206383;11;Adequação dos serviços (terceirizados) da copiadora;A;Excelente;CONCLUIDO;
2;12;00776;Avaliação Docente UniCatolica 2026.2;224;1;91830063;Enfermagem;206383;12;Adequação dos serviços (terceirizados) da lanchonete;A;Excelente;CONCLUIDO;
2;12;00776;Avaliação Docente UniCatolica 2026.2;224;1;91830063;Enfermagem;206383;13;Segurança interna das unidades;A;Excelente;CONCLUIDO;
2;12;00776;Avaliação Docente UniCatolica 2026.2;224;1;91830063;Enfermagem;206383;14;Segurança externa das unidades;A;Excelente;CONCLUIDO;
2;12;00776;Avaliação Docente UniCatolica 2026.2;224;1;91830063;Enfermagem;206383;15;Comentários/Sugestões para melhorias:;;;CONCLUIDO;
2;12;00776;Avaliação Docente UniCatolica 2026.2;224;1;91830063;Enfermagem;206383;2;Valorização e desenvolvimento dos profissionais;A;Excelente;CONCLUIDO;
2;12;00776;Avaliação Docente UniCatolica 2026.2;224;1;91830063;Enfermagem;206383;3;Transparência e participação gestão institucional;A;Excelente;CONCLUIDO;
2;12;00776;Avaliação Docente UniCatolica 2026.2;224;1;91830063;Enfermagem;206383;4;Eficácia da comunicação interna;A;Excelente;CONCLUIDO;
2;12;00776;Avaliação Docente UniCatolica 2026.2;224;1;91830063;Enfermagem;206383;5;Adequação dos espaços físicos para as atividades de ensino (Salas de aula, Biblioteca etc.);A;Excelente;CONCLUIDO;
2;12;00776;Avaliação Docente UniCatolica 2026.2;224;1;91830063;Enfermagem;206383;6;Adequação da infraestrutura tecnológica às necessidades pedagógicas (internet sem fio, serviços digitais, sistemas etc.);A;Excelente;CONCLUIDO;
2;12;00776;Avaliação Docente UniCatolica 2026.2;224;1;91830063;Enfermagem;206383;7;A acessibilidade aos espaços físicos;A;Excelente;CONCLUIDO;
2;12;00776;Avaliação Docente UniCatolica 2026.2;224;1;91830063;Enfermagem;206383;8;Adequação da limpeza e conservação dos espaços (Sala de aula, banheiros, biblioteca etc.);A;Excelente;CONCLUIDO;
2;12;00776;Avaliação Docente UniCatolica 2026.2;224;1;91830063;Enfermagem;206383;9;Clareza das normas de segurança para uso dos laboratórios;A;Excelente;CONCLUIDO;
2;12;00776;Avaliação Docente UniCatolica 2026.2;224;1;91830088;Enfermagem;206383;1;Atendimento pela Secretaria Acadêmica (agilidade e eficiência);B;Bom;CONCLUIDO;
2;12;00776;Avaliação Docente UniCatolica 2026.2;224;1;91830088;Enfermagem;206383;10;Adequação dos espaços de convivência;B;Bom;CONCLUIDO;
2;12;00776;Avaliação Docente UniCatolica 2026.2;224;1;91830088;Enfermagem;206383;11;Adequação dos serviços (terceirizados) da copiadora;A;Excelente;CONCLUIDO;
2;12;00776;Avaliação Docente UniCatolica 2026.2;224;1;91830088;Enfermagem;206383;12;Adequação dos serviços (terceirizados) da lanchonete;B;Bom;CONCLUIDO;
2;12;00776;Avaliação Docente UniCatolica 2026.2;224;1;91830088;Enfermagem;206383;13;Segurança interna das unidades;B;Bom;CONCLUIDO;
2;12;00776;Avaliação Docente UniCatolica 2026.2;224;1;91830088;Enfermagem;206383;14;Segurança externa das unidades;B;Bom;CONCLUIDO;
2;12;00776;Avaliação Docente UniCatolica 2026.2;224;1;91830088;Enfermagem;206383;15;Comentários/Sugestões para melhorias:;;;CONCLUIDO;
2;12;00776;Avaliação Docente UniCatolica 2026.2;224;1;91830088;Enfermagem;206383;2;Valorização e desenvolvimento dos profissionais;B;Bom;CONCLUIDO;
2;12;00776;Avaliação Docente UniCatolica 2026.2;224;1;91830088;Enfermagem;206383;3;Transparência e participação gestão institucional;B;Bom;CONCLUIDO;
2;12;00776;Avaliação Docente UniCatolica 2026.2;224;1;91830088;Enfermagem;206383;4;Eficácia da comunicação interna;B;Bom;CONCLUIDO;
2;12;00776;Avaliação Docente UniCatolica 2026.2;224;1;91830088;Enfermagem;206383;5;Adequação dos espaços físicos para as atividades de ensino (Salas de aula, Biblioteca etc.);B;Bom;CONCLUIDO;
2;12;00776;Avaliação Docente UniCatolica 2026.2;224;1;91830088;Enfermagem;206383;6;Adequação da infraestrutura tecnológica às necessidades pedagógicas (internet sem fio, serviços digitais, sistemas etc.);C;Regular;CONCLUIDO;
2;12;00776;Avaliação Docente UniCatolica 2026.2;224;1;91830088;Enfermagem;206383;7;A acessibilidade aos espaços físicos;B;Bom;CONCLUIDO;
2;12;00776;Avaliação Docente UniCatolica 2026.2;224;1;91830088;Enfermagem;206383;8;Adequação da limpeza e conservação dos espaços (Sala de aula, banheiros, biblioteca etc.);C;Regular;CONCLUIDO;
2;12;00776;Avaliação Docente UniCatolica 2026.2;224;1;91830088;Enfermagem;206383;9;Clareza das normas de segurança para uso dos laboratórios;B;Bom;CONCLUIDO;
2;12;00776;Avaliação Docente UniCatolica 2026.2;224;1;91830146;Biomedicina;206383;1;Atendimento pela Secretaria Acadêmica (agilidade e eficiência);C;Regular;CONCLUIDO;
2;12;00776;Avaliação Docente UniCatolica 2026.2;224;1;91830146;Biomedicina;206383;10;Adequação dos espaços de convivência;B;Bom;CONCLUIDO;
2;12;00776;Avaliação Docente UniCatolica 2026.2;224;1;91830146;Biomedicina;206383;11;Adequação dos serviços (terceirizados) da copiadora;B;Bom;CONCLUIDO;
2;12;00776;Avaliação Docente UniCatolica 2026.2;224;1;91830146;Biomedicina;206383;12;Adequação dos serviços (terceirizados) da lanchonete;B;Bom;CONCLUIDO;
2;12;00776;Avaliação Docente UniCatolica 2026.2;224;1;91830146;Biomedicina;206383;13;Segurança interna das unidades;B;Bom;CONCLUIDO;
2;12;00776;Avaliação Docente UniCatolica 2026.2;224;1;91830146;Biomedicina;206383;14;Segurança externa das unidades;B;Bom;CONCLUIDO;
2;12;00776;Avaliação Docente UniCatolica 2026.2;224;1;91830146;Biomedicina;206383;15;Comentários/Sugestões para melhorias:;;;CONCLUIDO;
2;12;00776;Avaliação Docente UniCatolica 2026.2;224;1;91830146;Biomedicina;206383;2;Valorização e desenvolvimento dos profissionais;B;Bom;CONCLUIDO;
2;12;00776;Avaliação Docente UniCatolica 2026.2;224;1;91830146;Biomedicina;206383;3;Transparência e participação gestão institucional;B;Bom;CONCLUIDO;
2;12;00776;Avaliação Docente UniCatolica 2026.2;224;1;91830146;Biomedicina;206383;4;Eficácia da comunicação interna;C;Regular;CONCLUIDO;
2;12;00776;Avaliação Docente UniCatolica 2026.2;224;1;91830146;Biomedicina;206383;5;Adequação dos espaços físicos para as atividades de ensino (Salas de aula, Biblioteca etc.);C;Regular;CONCLUIDO;
2;12;00776;Avaliação Docente UniCatolica 2026.2;224;1;91830146;Biomedicina;206383;6;Adequação da infraestrutura tecnológica às necessidades pedagógicas (internet sem fio, serviços digitais, sistemas etc.);B;Bom;CONCLUIDO;
2;12;00776;Avaliação Docente UniCatolica 2026.2;224;1;91830146;Biomedicina;206383;7;A acessibilidade aos espaços físicos;B;Bom;CONCLUIDO;
2;12;00776;Avaliação Docente UniCatolica 2026.2;224;1;91830146;Biomedicina;206383;8;Adequação da limpeza e conservação dos espaços (Sala de aula, banheiros, biblioteca etc.);B;Bom;CONCLUIDO;
2;12;00776;Avaliação Docente UniCatolica 2026.2;224;1;91830146;Biomedicina;206383;9;Clareza das normas de segurança para uso dos laboratórios;B;Bom;CONCLUIDO;
2;12;00776;Avaliação Docente UniCatolica 2026.2;224;1;91830146;Farmácia;206383;1;Atendimento pela Secretaria Acadêmica (agilidade e eficiência);C;Regular;CONCLUIDO;
2;12;00776;Avaliação Docente UniCatolica 2026.2;224;1;91830146;Farmácia;206383;10;Adequação dos espaços de convivência;B;Bom;CONCLUIDO;
2;12;00776;Avaliação Docente UniCatolica 2026.2;224;1;91830146;Farmácia;206383;11;Adequação dos serviços (terceirizados) da copiadora;B;Bom;CONCLUIDO;
2;12;00776;Avaliação Docente UniCatolica 2026.2;224;1;91830146;Farmácia;206383;12;Adequação dos serviços (terceirizados) da lanchonete;B;Bom;CONCLUIDO;
2;12;00776;Avaliação Docente UniCatolica 2026.2;224;1;91830146;Farmácia;206383;13;Segurança interna das unidades;B;Bom;CONCLUIDO;
2;12;00776;Avaliação Docente UniCatolica 2026.2;224;1;91830146;Farmácia;206383;14;Segurança externa das unidades;B;Bom;CONCLUIDO;
2;12;00776;Avaliação Docente UniCatolica 2026.2;224;1;91830146;Farmácia;206383;15;Comentários/Sugestões para melhorias:;;;CONCLUIDO;
2;12;00776;Avaliação Docente UniCatolica 2026.2;224;1;91830146;Farmácia;206383;2;Valorização e desenvolvimento dos profissionais;B;Bom;CONCLUIDO;
2;12;00776;Avaliação Docente UniCatolica 2026.2;224;1;91830146;Farmácia;206383;3;Transparência e participação gestão institucional;B;Bom;CONCLUIDO;
2;12;00776;Avaliação Docente UniCatolica 2026.2;224;1;91830146;Farmácia;206383;4;Eficácia da comunicação interna;C;Regular;CONCLUIDO;
2;12;00776;Avaliação Docente UniCatolica 2026.2;224;1;91830146;Farmácia;206383;5;Adequação dos espaços físicos para as atividades de ensino (Salas de aula, Biblioteca etc.);C;Regular;CONCLUIDO;
2;12;00776;Avaliação Docente UniCatolica 2026.2;224;1;91830146;Farmácia;206383;6;Adequação da infraestrutura tecnológica às necessidades pedagógicas (internet sem fio, serviços digitais, sistemas etc.);B;Bom;CONCLUIDO;
2;12;00776;Avaliação Docente UniCatolica 2026.2;224;1;91830146;Farmácia;206383;7;A acessibilidade aos espaços físicos;B;Bom;CONCLUIDO;
2;12;00776;Avaliação Docente UniCatolica 2026.2;224;1;91830146;Farmácia;206383;8;Adequação da limpeza e conservação dos espaços (Sala de aula, banheiros, biblioteca etc.);B;Bom;CONCLUIDO;
2;12;00776;Avaliação Docente UniCatolica 2026.2;224;1;91830146;Farmácia;206383;9;Clareza das normas de segurança para uso dos laboratórios;B;Bom;CONCLUIDO;
2;12;00776;Avaliação Docente UniCatolica 2026.2;224;1;91830146;Terapia Ocupacional;206383;1;Atendimento pela Secretaria Acadêmica (agilidade e eficiência);C;Regular;CONCLUIDO;
2;12;00776;Avaliação Docente UniCatolica 2026.2;224;1;91830146;Terapia Ocupacional;206383;10;Adequação dos espaços de convivência;B;Bom;CONCLUIDO;
2;12;00776;Avaliação Docente UniCatolica 2026.2;224;1;91830146;Terapia Ocupacional;206383;11;Adequação dos serviços (terceirizados) da copiadora;B;Bom;CONCLUIDO;
2;12;00776;Avaliação Docente UniCatolica 2026.2;224;1;91830146;Terapia Ocupacional;206383;12;Adequação dos serviços (terceirizados) da lanchonete;B;Bom;CONCLUIDO;
2;12;00776;Avaliação Docente UniCatolica 2026.2;224;1;91830146;Terapia Ocupacional;206383;13;Segurança interna das unidades;B;Bom;CONCLUIDO;
2;12;00776;Avaliação Docente UniCatolica 2026.2;224;1;91830146;Terapia Ocupacional;206383;14;Segurança externa das unidades;B;Bom;CONCLUIDO;
2;12;00776;Avaliação Docente UniCatolica 2026.2;224;1;91830146;Terapia Ocupacional;206383;15;Comentários/Sugestões para melhorias:;;;CONCLUIDO;
2;12;00776;Avaliação Docente UniCatolica 2026.2;224;1;91830146;Terapia Ocupacional;206383;2;Valorização e desenvolvimento dos profissionais;B;Bom;CONCLUIDO;
2;12;00776;Avaliação Docente UniCatolica 2026.2;224;1;91830146;Terapia Ocupacional;206383;3;Transparência e participação gestão institucional;B;Bom;CONCLUIDO;
2;12;00776;Avaliação Docente UniCatolica 2026.2;224;1;91830146;Terapia Ocupacional;206383;4;Eficácia da comunicação interna;C;Regular;CONCLUIDO;
2;12;00776;Avaliação Docente UniCatolica 2026.2;224;1;91830146;Terapia Ocupacional;206383;5;Adequação dos espaços físicos para as atividades de ensino (Salas de aula, Biblioteca etc.);C;Regular;CONCLUIDO;
2;12;00776;Avaliação Docente UniCatolica 2026.2;224;1;91830146;Terapia Ocupacional;206383;6;Adequação da infraestrutura tecnológica às necessidades pedagógicas (internet sem fio, serviços digitais, sistemas etc.);B;Bom;CONCLUIDO;
2;12;00776;Avaliação Docente UniCatolica 2026.2;224;1;91830146;Terapia Ocupacional;206383;7;A acessibilidade aos espaços físicos;B;Bom;CONCLUIDO;
2;12;00776;Avaliação Docente UniCatolica 2026.2;224;1;91830146;Terapia Ocupacional;206383;8;Adequação da limpeza e conservação dos espaços (Sala de aula, banheiros, biblioteca etc.);B;Bom;CONCLUIDO;
2;12;00776;Avaliação Docente UniCatolica 2026.2;224;1;91830146;Terapia Ocupacional;206383;9;Clareza das normas de segurança para uso dos laboratórios;B;Bom;CONCLUIDO;
2;12;00776;Avaliação Docente UniCatolica 2026.2;224;1;91845030;Enfermagem;206383;1;Atendimento pela Secretaria Acadêmica (agilidade e eficiência);B;Bom;CONCLUIDO;
2;12;00776;Avaliação Docente UniCatolica 2026.2;224;1;91845030;Enfermagem;206383;10;Adequação dos espaços de convivência;B;Bom;CONCLUIDO;
2;12;00776;Avaliação Docente UniCatolica 2026.2;224;1;91845030;Enfermagem;206383;11;Adequação dos serviços (terceirizados) da copiadora;B;Bom;CONCLUIDO;
2;12;00776;Avaliação Docente UniCatolica 2026.2;224;1;91845030;Enfermagem;206383;12;Adequação dos serviços (terceirizados) da lanchonete;B;Bom;CONCLUIDO;
2;12;00776;Avaliação Docente UniCatolica 2026.2;224;1;91845030;Enfermagem;206383;13;Segurança interna das unidades;B;Bom;CONCLUIDO;
2;12;00776;Avaliação Docente UniCatolica 2026.2;224;1;91845030;Enfermagem;206383;14;Segurança externa das unidades;B;Bom;CONCLUIDO;
2;12;00776;Avaliação Docente UniCatolica 2026.2;224;1;91845030;Enfermagem;206383;15;Comentários/Sugestões para melhorias:;;;CONCLUIDO;
2;12;00776;Avaliação Docente UniCatolica 2026.2;224;1;91845030;Enfermagem;206383;2;Valorização e desenvolvimento dos profissionais;B;Bom;CONCLUIDO;
2;12;00776;Avaliação Docente UniCatolica 2026.2;224;1;91845030;Enfermagem;206383;3;Transparência e participação gestão institucional;A;Excelente;CONCLUIDO;
2;12;00776;Avaliação Docente UniCatolica 2026.2;224;1;91845030;Enfermagem;206383;4;Eficácia da comunicação interna;B;Bom;CONCLUIDO;
2;12;00776;Avaliação Docente UniCatolica 2026.2;224;1;91845030;Enfermagem;206383;5;Adequação dos espaços físicos para as atividades de ensino (Salas de aula, Biblioteca etc.);B;Bom;CONCLUIDO;
2;12;00776;Avaliação Docente UniCatolica 2026.2;224;1;91845030;Enfermagem;206383;6;Adequação da infraestrutura tecnológica às necessidades pedagógicas (internet sem fio, serviços digitais, sistemas etc.);B;Bom;CONCLUIDO;
2;12;00776;Avaliação Docente UniCatolica 2026.2;224;1;91845030;Enfermagem;206383;7;A acessibilidade aos espaços físicos;B;Bom;CONCLUIDO;
2;12;00776;Avaliação Docente UniCatolica 2026.2;224;1;91845030;Enfermagem;206383;8;Adequação da limpeza e conservação dos espaços (Sala de aula, banheiros, biblioteca etc.);B;Bom;CONCLUIDO;
2;12;00776;Avaliação Docente UniCatolica 2026.2;224;1;91845030;Enfermagem;206383;9;Clareza das normas de segurança para uso dos laboratórios;A;Excelente;CONCLUIDO;
2;12;00776;Avaliação Docente UniCatolica 2026.2;224;1;91845038;Enfermagem;206383;1;Atendimento pela Secretaria Acadêmica (agilidade e eficiência);A;Excelente;CONCLUIDO;
2;12;00776;Avaliação Docente UniCatolica 2026.2;224;1;91845038;Enfermagem;206383;10;Adequação dos espaços de convivência;A;Excelente;CONCLUIDO;
2;12;00776;Avaliação Docente UniCatolica 2026.2;224;1;91845038;Enfermagem;206383;11;Adequação dos serviços (terceirizados) da copiadora;A;Excelente;CONCLUIDO;
2;12;00776;Avaliação Docente UniCatolica 2026.2;224;1;91845038;Enfermagem;206383;12;Adequação dos serviços (terceirizados) da lanchonete;A;Excelente;CONCLUIDO;
2;12;00776;Avaliação Docente UniCatolica 2026.2;224;1;91845038;Enfermagem;206383;13;Segurança interna das unidades;A;Excelente;CONCLUIDO;
2;12;00776;Avaliação Docente UniCatolica 2026.2;224;1;91845038;Enfermagem;206383;14;Segurança externa das unidades;A;Excelente;CONCLUIDO;
2;12;00776;Avaliação Docente UniCatolica 2026.2;224;1;91845038;Enfermagem;206383;15;Comentários/Sugestões para melhorias:;;;CONCLUIDO;
2;12;00776;Avaliação Docente UniCatolica 2026.2;224;1;91845038;Enfermagem;206383;2;Valorização e desenvolvimento dos profissionais;A;Excelente;CONCLUIDO;
2;12;00776;Avaliação Docente UniCatolica 2026.2;224;1;91845038;Enfermagem;206383;3;Transparência e participação gestão institucional;A;Excelente;CONCLUIDO;
2;12;00776;Avaliação Docente UniCatolica 2026.2;224;1;91845038;Enfermagem;206383;4;Eficácia da comunicação interna;A;Excelente;CONCLUIDO;
2;12;00776;Avaliação Docente UniCatolica 2026.2;224;1;91845038;Enfermagem;206383;5;Adequação dos espaços físicos para as atividades de ensino (Salas de aula, Biblioteca etc.);A;Excelente;CONCLUIDO;
2;12;00776;Avaliação Docente UniCatolica 2026.2;224;1;91845038;Enfermagem;206383;6;Adequação da infraestrutura tecnológica às necessidades pedagógicas (internet sem fio, serviços digitais, sistemas etc.);A;Excelente;CONCLUIDO;
2;12;00776;Avaliação Docente UniCatolica 2026.2;224;1;91845038;Enfermagem;206383;7;A acessibilidade aos espaços físicos;A;Excelente;CONCLUIDO;
2;12;00776;Avaliação Docente UniCatolica 2026.2;224;1;91845038;Enfermagem;206383;8;Adequação da limpeza e conservação dos espaços (Sala de aula, banheiros, biblioteca etc.);A;Excelente;CONCLUIDO;
2;12;00776;Avaliação Docente UniCatolica 2026.2;224;1;91845038;Enfermagem;206383;9;Clareza das normas de segurança para uso dos laboratórios;A;Excelente;CONCLUIDO;
2;12;00776;Avaliação Docente UniCatolica 2026.2;224;1;91847619;Direito;206383;1;Atendimento pela Secretaria Acadêmica (agilidade e eficiência);A;Excelente;CONCLUIDO;
2;12;00776;Avaliação Docente UniCatolica 2026.2;224;1;91847619;Direito;206383;10;Adequação dos espaços de convivência;A;Excelente;CONCLUIDO;
2;12;00776;Avaliação Docente UniCatolica 2026.2;224;1;91847619;Direito;206383;11;Adequação dos serviços (terceirizados) da copiadora;A;Excelente;CONCLUIDO;
2;12;00776;Avaliação Docente UniCatolica 2026.2;224;1;91847619;Direito;206383;12;Adequação dos serviços (terceirizados) da lanchonete;A;Excelente;CONCLUIDO;
2;12;00776;Avaliação Docente UniCatolica 2026.2;224;1;91847619;Direito;206383;13;Segurança interna das unidades;A;Excelente;CONCLUIDO;
2;12;00776;Avaliação Docente UniCatolica 2026.2;224;1;91847619;Direito;206383;14;Segurança externa das unidades;A;Excelente;CONCLUIDO;
2;12;00776;Avaliação Docente UniCatolica 2026.2;224;1;91847619;Direito;206383;15;Comentários/Sugestões para melhorias:;;;CONCLUIDO;
2;12;00776;Avaliação Docente UniCatolica 2026.2;224;1;91847619;Direito;206383;2;Valorização e desenvolvimento dos profissionais;A;Excelente;CONCLUIDO;
2;12;00776;Avaliação Docente UniCatolica 2026.2;224;1;91847619;Direito;206383;3;Transparência e participação gestão institucional;A;Excelente;CONCLUIDO;
2;12;00776;Avaliação Docente UniCatolica 2026.2;224;1;91847619;Direito;206383;4;Eficácia da comunicação interna;A;Excelente;CONCLUIDO;
2;12;00776;Avaliação Docente UniCatolica 2026.2;224;1;91847619;Direito;206383;5;Adequação dos espaços físicos para as atividades de ensino (Salas de aula, Biblioteca etc.);A;Excelente;CONCLUIDO;
2;12;00776;Avaliação Docente UniCatolica 2026.2;224;1;91847619;Direito;206383;6;Adequação da infraestrutura tecnológica às necessidades pedagógicas (internet sem fio, serviços digitais, sistemas etc.);A;Excelente;CONCLUIDO;
2;12;00776;Avaliação Docente UniCatolica 2026.2;224;1;91847619;Direito;206383;7;A acessibilidade aos espaços físicos;A;Excelente;CONCLUIDO;
2;12;00776;Avaliação Docente UniCatolica 2026.2;224;1;91847619;Direito;206383;8;Adequação da limpeza e conservação dos espaços (Sala de aula, banheiros, biblioteca etc.);A;Excelente;CONCLUIDO;
2;12;00776;Avaliação Docente UniCatolica 2026.2;224;1;91847619;Direito;206383;9;Clareza das normas de segurança para uso dos laboratórios;A;Excelente;CONCLUIDO;
2;12;00776;Avaliação Docente UniCatolica 2026.2;224;1;91848153;Arquitetura e Urbanismo;206383;1;Atendimento pela Secretaria Acadêmica (agilidade e eficiência);A;Excelente;CONCLUIDO;
2;12;00776;Avaliação Docente UniCatolica 2026.2;224;1;91848153;Arquitetura e Urbanismo;206383;10;Adequação dos espaços de convivência;A;Excelente;CONCLUIDO;
2;12;00776;Avaliação Docente UniCatolica 2026.2;224;1;91848153;Arquitetura e Urbanismo;206383;11;Adequação dos serviços (terceirizados) da copiadora;A;Excelente;CONCLUIDO;
2;12;00776;Avaliação Docente UniCatolica 2026.2;224;1;91848153;Arquitetura e Urbanismo;206383;12;Adequação dos serviços (terceirizados) da lanchonete;A;Excelente;CONCLUIDO;
2;12;00776;Avaliação Docente UniCatolica 2026.2;224;1;91848153;Arquitetura e Urbanismo;206383;13;Segurança interna das unidades;A;Excelente;CONCLUIDO;
2;12;00776;Avaliação Docente UniCatolica 2026.2;224;1;91848153;Arquitetura e Urbanismo;206383;14;Segurança externa das unidades;A;Excelente;CONCLUIDO;
2;12;00776;Avaliação Docente UniCatolica 2026.2;224;1;91848153;Arquitetura e Urbanismo;206383;15;Comentários/Sugestões para melhorias:;;;CONCLUIDO;Sem comentários
2;12;00776;Avaliação Docente UniCatolica 2026.2;224;1;91848153;Arquitetura e Urbanismo;206383;2;Valorização e desenvolvimento dos profissionais;A;Excelente;CONCLUIDO;
2;12;00776;Avaliação Docente UniCatolica 2026.2;224;1;91848153;Arquitetura e Urbanismo;206383;3;Transparência e participação gestão institucional;A;Excelente;CONCLUIDO;
2;12;00776;Avaliação Docente UniCatolica 2026.2;224;1;91848153;Arquitetura e Urbanismo;206383;4;Eficácia da comunicação interna;A;Excelente;CONCLUIDO;
2;12;00776;Avaliação Docente UniCatolica 2026.2;224;1;91848153;Arquitetura e Urbanismo;206383;5;Adequação dos espaços físicos para as atividades de ensino (Salas de aula, Biblioteca etc.);A;Excelente;CONCLUIDO;
2;12;00776;Avaliação Docente UniCatolica 2026.2;224;1;91848153;Arquitetura e Urbanismo;206383;6;Adequação da infraestrutura tecnológica às necessidades pedagógicas (internet sem fio, serviços digitais, sistemas etc.);A;Excelente;CONCLUIDO;
2;12;00776;Avaliação Docente UniCatolica 2026.2;224;1;91848153;Arquitetura e Urbanismo;206383;7;A acessibilidade aos espaços físicos;A;Excelente;CONCLUIDO;
2;12;00776;Avaliação Docente UniCatolica 2026.2;224;1;91848153;Arquitetura e Urbanismo;206383;8;Adequação da limpeza e conservação dos espaços (Sala de aula, banheiros, biblioteca etc.);A;Excelente;CONCLUIDO;
2;12;00776;Avaliação Docente UniCatolica 2026.2;224;1;91848153;Arquitetura e Urbanismo;206383;9;Clareza das normas de segurança para uso dos laboratórios;A;Excelente;CONCLUIDO;
2;12;00776;Avaliação Docente UniCatolica 2026.2;224;1;91849587;Biomedicina;206383;1;Atendimento pela Secretaria Acadêmica (agilidade e eficiência);C;Regular;CONCLUIDO;
2;12;00776;Avaliação Docente UniCatolica 2026.2;224;1;91849587;Biomedicina;206383;10;Adequação dos espaços de convivência;B;Bom;CONCLUIDO;
2;12;00776;Avaliação Docente UniCatolica 2026.2;224;1;91849587;Biomedicina;206383;11;Adequação dos serviços (terceirizados) da copiadora;B;Bom;CONCLUIDO;
2;12;00776;Avaliação Docente UniCatolica 2026.2;224;1;91849587;Biomedicina;206383;12;Adequação dos serviços (terceirizados) da lanchonete;B;Bom;CONCLUIDO;
2;12;00776;Avaliação Docente UniCatolica 2026.2;224;1;91849587;Biomedicina;206383;13;Segurança interna das unidades;B;Bom;CONCLUIDO;
2;12;00776;Avaliação Docente UniCatolica 2026.2;224;1;91849587;Biomedicina;206383;14;Segurança externa das unidades;B;Bom;CONCLUIDO;
2;12;00776;Avaliação Docente UniCatolica 2026.2;224;1;91849587;Biomedicina;206383;15;Comentários/Sugestões para melhorias:;;;CONCLUIDO;
2;12;00776;Avaliação Docente UniCatolica 2026.2;224;1;91849587;Biomedicina;206383;2;Valorização e desenvolvimento dos profissionais;B;Bom;CONCLUIDO;
2;12;00776;Avaliação Docente UniCatolica 2026.2;224;1;91849587;Biomedicina;206383;3;Transparência e participação gestão institucional;A;Excelente;CONCLUIDO;
2;12;00776;Avaliação Docente UniCatolica 2026.2;224;1;91849587;Biomedicina;206383;4;Eficácia da comunicação interna;B;Bom;CONCLUIDO;
2;12;00776;Avaliação Docente UniCatolica 2026.2;224;1;91849587;Biomedicina;206383;5;Adequação dos espaços físicos para as atividades de ensino (Salas de aula, Biblioteca etc.);B;Bom;CONCLUIDO;
2;12;00776;Avaliação Docente UniCatolica 2026.2;224;1;91849587;Biomedicina;206383;6;Adequação da infraestrutura tecnológica às necessidades pedagógicas (internet sem fio, serviços digitais, sistemas etc.);B;Bom;CONCLUIDO;
2;12;00776;Avaliação Docente UniCatolica 2026.2;224;1;91849587;Biomedicina;206383;7;A acessibilidade aos espaços físicos;B;Bom;CONCLUIDO;
2;12;00776;Avaliação Docente UniCatolica 2026.2;224;1;91849587;Biomedicina;206383;8;Adequação da limpeza e conservação dos espaços (Sala de aula, banheiros, biblioteca etc.);B;Bom;CONCLUIDO;
2;12;00776;Avaliação Docente UniCatolica 2026.2;224;1;91849587;Biomedicina;206383;9;Clareza das normas de segurança para uso dos laboratórios;B;Bom;CONCLUIDO;
2;12;00776;Avaliação Docente UniCatolica 2026.2;224;1;91849587;Terapia Ocupacional;206383;1;Atendimento pela Secretaria Acadêmica (agilidade e eficiência);C;Regular;CONCLUIDO;
2;12;00776;Avaliação Docente UniCatolica 2026.2;224;1;91849587;Terapia Ocupacional;206383;10;Adequação dos espaços de convivência;B;Bom;CONCLUIDO;
2;12;00776;Avaliação Docente UniCatolica 2026.2;224;1;91849587;Terapia Ocupacional;206383;11;Adequação dos serviços (terceirizados) da copiadora;B;Bom;CONCLUIDO;
2;12;00776;Avaliação Docente UniCatolica 2026.2;224;1;91849587;Terapia Ocupacional;206383;12;Adequação dos serviços (terceirizados) da lanchonete;B;Bom;CONCLUIDO;
2;12;00776;Avaliação Docente UniCatolica 2026.2;224;1;91849587;Terapia Ocupacional;206383;13;Segurança interna das unidades;B;Bom;CONCLUIDO;
2;12;00776;Avaliação Docente UniCatolica 2026.2;224;1;91849587;Terapia Ocupacional;206383;14;Segurança externa das unidades;B;Bom;CONCLUIDO;
2;12;00776;Avaliação Docente UniCatolica 2026.2;224;1;91849587;Terapia Ocupacional;206383;15;Comentários/Sugestões para melhorias:;;;CONCLUIDO;
2;12;00776;Avaliação Docente UniCatolica 2026.2;224;1;91849587;Terapia Ocupacional;206383;2;Valorização e desenvolvimento dos profissionais;B;Bom;CONCLUIDO;
2;12;00776;Avaliação Docente UniCatolica 2026.2;224;1;91849587;Terapia Ocupacional;206383;3;Transparência e participação gestão institucional;A;Excelente;CONCLUIDO;
2;12;00776;Avaliação Docente UniCatolica 2026.2;224;1;91849587;Terapia Ocupacional;206383;4;Eficácia da comunicação interna;B;Bom;CONCLUIDO;
2;12;00776;Avaliação Docente UniCatolica 2026.2;224;1;91849587;Terapia Ocupacional;206383;5;Adequação dos espaços físicos para as atividades de ensino (Salas de aula, Biblioteca etc.);B;Bom;CONCLUIDO;
2;12;00776;Avaliação Docente UniCatolica 2026.2;224;1;91849587;Terapia Ocupacional;206383;6;Adequação da infraestrutura tecnológica às necessidades pedagógicas (internet sem fio, serviços digitais, sistemas etc.);B;Bom;CONCLUIDO;
2;12;00776;Avaliação Docente UniCatolica 2026.2;224;1;91849587;Terapia Ocupacional;206383;7;A acessibilidade aos espaços físicos;B;Bom;CONCLUIDO;
2;12;00776;Avaliação Docente UniCatolica 2026.2;224;1;91849587;Terapia Ocupacional;206383;8;Adequação da limpeza e conservação dos espaços (Sala de aula, banheiros, biblioteca etc.);B;Bom;CONCLUIDO;
2;12;00776;Avaliação Docente UniCatolica 2026.2;224;1;91849587;Terapia Ocupacional;206383;9;Clareza das normas de segurança para uso dos laboratórios;B;Bom;CONCLUIDO;
2;12;00776;Avaliação Docente UniCatolica 2026.2;224;1;91850179;Terapia Ocupacional;206383;1;Atendimento pela Secretaria Acadêmica (agilidade e eficiência);C;Regular;CONCLUIDO;
2;12;00776;Avaliação Docente UniCatolica 2026.2;224;1;91850179;Terapia Ocupacional;206383;10;Adequação dos espaços de convivência;B;Bom;CONCLUIDO;
2;12;00776;Avaliação Docente UniCatolica 2026.2;224;1;91850179;Terapia Ocupacional;206383;11;Adequação dos serviços (terceirizados) da copiadora;B;Bom;CONCLUIDO;
2;12;00776;Avaliação Docente UniCatolica 2026.2;224;1;91850179;Terapia Ocupacional;206383;12;Adequação dos serviços (terceirizados) da lanchonete;B;Bom;CONCLUIDO;
2;12;00776;Avaliação Docente UniCatolica 2026.2;224;1;91850179;Terapia Ocupacional;206383;13;Segurança interna das unidades;B;Bom;CONCLUIDO;
2;12;00776;Avaliação Docente UniCatolica 2026.2;224;1;91850179;Terapia Ocupacional;206383;14;Segurança externa das unidades;B;Bom;CONCLUIDO;
2;12;00776;Avaliação Docente UniCatolica 2026.2;224;1;91850179;Terapia Ocupacional;206383;15;Comentários/Sugestões para melhorias:;;;CONCLUIDO;
2;12;00776;Avaliação Docente UniCatolica 2026.2;224;1;91850179;Terapia Ocupacional;206383;2;Valorização e desenvolvimento dos profissionais;B;Bom;CONCLUIDO;
2;12;00776;Avaliação Docente UniCatolica 2026.2;224;1;91850179;Terapia Ocupacional;206383;3;Transparência e participação gestão institucional;B;Bom;CONCLUIDO;
2;12;00776;Avaliação Docente UniCatolica 2026.2;224;1;91850179;Terapia Ocupacional;206383;4;Eficácia da comunicação interna;B;Bom;CONCLUIDO;
2;12;00776;Avaliação Docente UniCatolica 2026.2;224;1;91850179;Terapia Ocupacional;206383;5;Adequação dos espaços físicos para as atividades de ensino (Salas de aula, Biblioteca etc.);C;Regular;CONCLUIDO;
2;12;00776;Avaliação Docente UniCatolica 2026.2;224;1;91850179;Terapia Ocupacional;206383;6;Adequação da infraestrutura tecnológica às necessidades pedagógicas (internet sem fio, serviços digitais, sistemas etc.);C;Regular;CONCLUIDO;
2;12;00776;Avaliação Docente UniCatolica 2026.2;224;1;91850179;Terapia Ocupacional;206383;7;A acessibilidade aos espaços físicos;B;Bom;CONCLUIDO;
2;12;00776;Avaliação Docente UniCatolica 2026.2;224;1;91850179;Terapia Ocupacional;206383;8;Adequação da limpeza e conservação dos espaços (Sala de aula, banheiros, biblioteca etc.);B;Bom;CONCLUIDO;
2;12;00776;Avaliação Docente UniCatolica 2026.2;224;1;91850179;Terapia Ocupacional;206383;9;Clareza das normas de segurança para uso dos laboratórios;B;Bom;CONCLUIDO;
2;12;00776;Avaliação Docente UniCatolica 2026.2;224;1;91864364;Administração;206383;1;Atendimento pela Secretaria Acadêmica (agilidade e eficiência);B;Bom;CONCLUIDO;
2;12;00776;Avaliação Docente UniCatolica 2026.2;224;1;91864364;Administração;206383;10;Adequação dos espaços de convivência;B;Bom;CONCLUIDO;
2;12;00776;Avaliação Docente UniCatolica 2026.2;224;1;91864364;Administração;206383;11;Adequação dos serviços (terceirizados) da copiadora;B;Bom;CONCLUIDO;
2;12;00776;Avaliação Docente UniCatolica 2026.2;224;1;91864364;Administração;206383;12;Adequação dos serviços (terceirizados) da lanchonete;D;Insatisfeito;CONCLUIDO;
2;12;00776;Avaliação Docente UniCatolica 2026.2;224;1;91864364;Administração;206383;13;Segurança interna das unidades;B;Bom;CONCLUIDO;
2;12;00776;Avaliação Docente UniCatolica 2026.2;224;1;91864364;Administração;206383;14;Segurança externa das unidades;B;Bom;CONCLUIDO;
2;12;00776;Avaliação Docente UniCatolica 2026.2;224;1;91864364;Administração;206383;15;Comentários/Sugestões para melhorias:;;;CONCLUIDO;A internet não esta boa, poderia melhorar
2;12;00776;Avaliação Docente UniCatolica 2026.2;224;1;91864364;Administração;206383;2;Valorização e desenvolvimento dos profissionais;B;Bom;CONCLUIDO;
2;12;00776;Avaliação Docente UniCatolica 2026.2;224;1;91864364;Administração;206383;3;Transparência e participação gestão institucional;A;Excelente;CONCLUIDO;
2;12;00776;Avaliação Docente UniCatolica 2026.2;224;1;91864364;Administração;206383;4;Eficácia da comunicação interna;B;Bom;CONCLUIDO;
2;12;00776;Avaliação Docente UniCatolica 2026.2;224;1;91864364;Administração;206383;5;Adequação dos espaços físicos para as atividades de ensino (Salas de aula, Biblioteca etc.);B;Bom;CONCLUIDO;
2;12;00776;Avaliação Docente UniCatolica 2026.2;224;1;91864364;Administração;206383;6;Adequação da infraestrutura tecnológica às necessidades pedagógicas (internet sem fio, serviços digitais, sistemas etc.);D;Insatisfeito;CONCLUIDO;
2;12;00776;Avaliação Docente UniCatolica 2026.2;224;1;91864364;Administração;206383;7;A acessibilidade aos espaços físicos;B;Bom;CONCLUIDO;
2;12;00776;Avaliação Docente UniCatolica 2026.2;224;1;91864364;Administração;206383;8;Adequação da limpeza e conservação dos espaços (Sala de aula, banheiros, biblioteca etc.);C;Regular;CONCLUIDO;
2;12;00776;Avaliação Docente UniCatolica 2026.2;224;1;91864364;Administração;206383;9;Clareza das normas de segurança para uso dos laboratórios;B;Bom;CONCLUIDO;
2;12;00776;Avaliação Docente UniCatolica 2026.2;224;1;91864364;Engenharia Civil;206383;1;Atendimento pela Secretaria Acadêmica (agilidade e eficiência);B;Bom;CONCLUIDO;
2;12;00776;Avaliação Docente UniCatolica 2026.2;224;1;91864364;Engenharia Civil;206383;10;Adequação dos espaços de convivência;B;Bom;CONCLUIDO;
2;12;00776;Avaliação Docente UniCatolica 2026.2;224;1;91864364;Engenharia Civil;206383;11;Adequação dos serviços (terceirizados) da copiadora;B;Bom;CONCLUIDO;
2;12;00776;Avaliação Docente UniCatolica 2026.2;224;1;91864364;Engenharia Civil;206383;12;Adequação dos serviços (terceirizados) da lanchonete;D;Insatisfeito;CONCLUIDO;
2;12;00776;Avaliação Docente UniCatolica 2026.2;224;1;91864364;Engenharia Civil;206383;13;Segurança interna das unidades;B;Bom;CONCLUIDO;
2;12;00776;Avaliação Docente UniCatolica 2026.2;224;1;91864364;Engenharia Civil;206383;14;Segurança externa das unidades;B;Bom;CONCLUIDO;
2;12;00776;Avaliação Docente UniCatolica 2026.2;224;1;91864364;Engenharia Civil;206383;15;Comentários/Sugestões para melhorias:;;;CONCLUIDO;A internet não esta boa, poderia melhorar
2;12;00776;Avaliação Docente UniCatolica 2026.2;224;1;91864364;Engenharia Civil;206383;2;Valorização e desenvolvimento dos profissionais;B;Bom;CONCLUIDO;
2;12;00776;Avaliação Docente UniCatolica 2026.2;224;1;91864364;Engenharia Civil;206383;3;Transparência e participação gestão institucional;A;Excelente;CONCLUIDO;
2;12;00776;Avaliação Docente UniCatolica 2026.2;224;1;91864364;Engenharia Civil;206383;4;Eficácia da comunicação interna;B;Bom;CONCLUIDO;
2;12;00776;Avaliação Docente UniCatolica 2026.2;224;1;91864364;Engenharia Civil;206383;5;Adequação dos espaços físicos para as atividades de ensino (Salas de aula, Biblioteca etc.);B;Bom;CONCLUIDO;
2;12;00776;Avaliação Docente UniCatolica 2026.2;224;1;91864364;Engenharia Civil;206383;6;Adequação da infraestrutura tecnológica às necessidades pedagógicas (internet sem fio, serviços digitais, sistemas etc.);D;Insatisfeito;CONCLUIDO;
2;12;00776;Avaliação Docente UniCatolica 2026.2;224;1;91864364;Engenharia Civil;206383;7;A acessibilidade aos espaços físicos;B;Bom;CONCLUIDO;
2;12;00776;Avaliação Docente UniCatolica 2026.2;224;1;91864364;Engenharia Civil;206383;8;Adequação da limpeza e conservação dos espaços (Sala de aula, banheiros, biblioteca etc.);C;Regular;CONCLUIDO;
2;12;00776;Avaliação Docente UniCatolica 2026.2;224;1;91864364;Engenharia Civil;206383;9;Clareza das normas de segurança para uso dos laboratórios;B;Bom;CONCLUIDO;
2;12;00776;Avaliação Docente UniCatolica 2026.2;224;1;91864364;Engenharia Elétrica;206383;1;Atendimento pela Secretaria Acadêmica (agilidade e eficiência);B;Bom;CONCLUIDO;
2;12;00776;Avaliação Docente UniCatolica 2026.2;224;1;91864364;Engenharia Elétrica;206383;10;Adequação dos espaços de convivência;B;Bom;CONCLUIDO;
2;12;00776;Avaliação Docente UniCatolica 2026.2;224;1;91864364;Engenharia Elétrica;206383;11;Adequação dos serviços (terceirizados) da copiadora;B;Bom;CONCLUIDO;
2;12;00776;Avaliação Docente UniCatolica 2026.2;224;1;91864364;Engenharia Elétrica;206383;12;Adequação dos serviços (terceirizados) da lanchonete;D;Insatisfeito;CONCLUIDO;
2;12;00776;Avaliação Docente UniCatolica 2026.2;224;1;91864364;Engenharia Elétrica;206383;13;Segurança interna das unidades;B;Bom;CONCLUIDO;
2;12;00776;Avaliação Docente UniCatolica 2026.2;224;1;91864364;Engenharia Elétrica;206383;14;Segurança externa das unidades;B;Bom;CONCLUIDO;
2;12;00776;Avaliação Docente UniCatolica 2026.2;224;1;91864364;Engenharia Elétrica;206383;15;Comentários/Sugestões para melhorias:;;;CONCLUIDO;A internet não esta boa, poderia melhorar
2;12;00776;Avaliação Docente UniCatolica 2026.2;224;1;91864364;Engenharia Elétrica;206383;2;Valorização e desenvolvimento dos profissionais;B;Bom;CONCLUIDO;
2;12;00776;Avaliação Docente UniCatolica 2026.2;224;1;91864364;Engenharia Elétrica;206383;3;Transparência e participação gestão institucional;A;Excelente;CONCLUIDO;
2;12;00776;Avaliação Docente UniCatolica 2026.2;224;1;91864364;Engenharia Elétrica;206383;4;Eficácia da comunicação interna;B;Bom;CONCLUIDO;
2;12;00776;Avaliação Docente UniCatolica 2026.2;224;1;91864364;Engenharia Elétrica;206383;5;Adequação dos espaços físicos para as atividades de ensino (Salas de aula, Biblioteca etc.);B;Bom;CONCLUIDO;
2;12;00776;Avaliação Docente UniCatolica 2026.2;224;1;91864364;Engenharia Elétrica;206383;6;Adequação da infraestrutura tecnológica às necessidades pedagógicas (internet sem fio, serviços digitais, sistemas etc.);D;Insatisfeito;CONCLUIDO;
2;12;00776;Avaliação Docente UniCatolica 2026.2;224;1;91864364;Engenharia Elétrica;206383;7;A acessibilidade aos espaços físicos;B;Bom;CONCLUIDO;
2;12;00776;Avaliação Docente UniCatolica 2026.2;224;1;91864364;Engenharia Elétrica;206383;8;Adequação da limpeza e conservação dos espaços (Sala de aula, banheiros, biblioteca etc.);C;Regular;CONCLUIDO;
2;12;00776;Avaliação Docente UniCatolica 2026.2;224;1;91864364;Engenharia Elétrica;206383;9;Clareza das normas de segurança para uso dos laboratórios;B;Bom;CONCLUIDO;
2;12;00776;Avaliação Docente UniCatolica 2026.2;224;1;91871408;Ciências Contábeis;206383;1;Atendimento pela Secretaria Acadêmica (agilidade e eficiência);B;Bom;CONCLUIDO;
2;12;00776;Avaliação Docente UniCatolica 2026.2;224;1;91871408;Ciências Contábeis;206383;10;Adequação dos espaços de convivência;B;Bom;CONCLUIDO;
2;12;00776;Avaliação Docente UniCatolica 2026.2;224;1;91871408;Ciências Contábeis;206383;11;Adequação dos serviços (terceirizados) da copiadora;B;Bom;CONCLUIDO;
2;12;00776;Avaliação Docente UniCatolica 2026.2;224;1;91871408;Ciências Contábeis;206383;12;Adequação dos serviços (terceirizados) da lanchonete;C;Regular;CONCLUIDO;
2;12;00776;Avaliação Docente UniCatolica 2026.2;224;1;91871408;Ciências Contábeis;206383;13;Segurança interna das unidades;B;Bom;CONCLUIDO;
2;12;00776;Avaliação Docente UniCatolica 2026.2;224;1;91871408;Ciências Contábeis;206383;14;Segurança externa das unidades;B;Bom;CONCLUIDO;
2;12;00776;Avaliação Docente UniCatolica 2026.2;224;1;91871408;Ciências Contábeis;206383;15;Comentários/Sugestões para melhorias:;;;CONCLUIDO;
2;12;00776;Avaliação Docente UniCatolica 2026.2;224;1;91871408;Ciências Contábeis;206383;2;Valorização e desenvolvimento dos profissionais;B;Bom;CONCLUIDO;
2;12;00776;Avaliação Docente UniCatolica 2026.2;224;1;91871408;Ciências Contábeis;206383;3;Transparência e participação gestão institucional;B;Bom;CONCLUIDO;
2;12;00776;Avaliação Docente UniCatolica 2026.2;224;1;91871408;Ciências Contábeis;206383;4;Eficácia da comunicação interna;A;Excelente;CONCLUIDO;
2;12;00776;Avaliação Docente UniCatolica 2026.2;224;1;91871408;Ciências Contábeis;206383;5;Adequação dos espaços físicos para as atividades de ensino (Salas de aula, Biblioteca etc.);D;Insatisfeito;CONCLUIDO;
2;12;00776;Avaliação Docente UniCatolica 2026.2;224;1;91871408;Ciências Contábeis;206383;6;Adequação da infraestrutura tecnológica às necessidades pedagógicas (internet sem fio, serviços digitais, sistemas etc.);C;Regular;CONCLUIDO;
2;12;00776;Avaliação Docente UniCatolica 2026.2;224;1;91871408;Ciências Contábeis;206383;7;A acessibilidade aos espaços físicos;B;Bom;CONCLUIDO;
2;12;00776;Avaliação Docente UniCatolica 2026.2;224;1;91871408;Ciências Contábeis;206383;8;Adequação da limpeza e conservação dos espaços (Sala de aula, banheiros, biblioteca etc.);B;Bom;CONCLUIDO;
2;12;00776;Avaliação Docente UniCatolica 2026.2;224;1;91871408;Ciências Contábeis;206383;9;Clareza das normas de segurança para uso dos laboratórios;B;Bom;CONCLUIDO;
2;12;00776;Avaliação Docente UniCatolica 2026.2;224;1;91887163;Engenharia de Software;206383;1;Atendimento pela Secretaria Acadêmica (agilidade e eficiência);A;Excelente;CONCLUIDO;
2;12;00776;Avaliação Docente UniCatolica 2026.2;224;1;91887163;Engenharia de Software;206383;10;Adequação dos espaços de convivência;A;Excelente;CONCLUIDO;
2;12;00776;Avaliação Docente UniCatolica 2026.2;224;1;91887163;Engenharia de Software;206383;11;Adequação dos serviços (terceirizados) da copiadora;A;Excelente;CONCLUIDO;
2;12;00776;Avaliação Docente UniCatolica 2026.2;224;1;91887163;Engenharia de Software;206383;12;Adequação dos serviços (terceirizados) da lanchonete;A;Excelente;CONCLUIDO;
2;12;00776;Avaliação Docente UniCatolica 2026.2;224;1;91887163;Engenharia de Software;206383;13;Segurança interna das unidades;B;Bom;CONCLUIDO;
2;12;00776;Avaliação Docente UniCatolica 2026.2;224;1;91887163;Engenharia de Software;206383;14;Segurança externa das unidades;B;Bom;CONCLUIDO;
2;12;00776;Avaliação Docente UniCatolica 2026.2;224;1;91887163;Engenharia de Software;206383;15;Comentários/Sugestões para melhorias:;;;CONCLUIDO;
2;12;00776;Avaliação Docente UniCatolica 2026.2;224;1;91887163;Engenharia de Software;206383;2;Valorização e desenvolvimento dos profissionais;A;Excelente;CONCLUIDO;
2;12;00776;Avaliação Docente UniCatolica 2026.2;224;1;91887163;Engenharia de Software;206383;3;Transparência e participação gestão institucional;A;Excelente;CONCLUIDO;
2;12;00776;Avaliação Docente UniCatolica 2026.2;224;1;91887163;Engenharia de Software;206383;4;Eficácia da comunicação interna;B;Bom;CONCLUIDO;
2;12;00776;Avaliação Docente UniCatolica 2026.2;224;1;91887163;Engenharia de Software;206383;5;Adequação dos espaços físicos para as atividades de ensino (Salas de aula, Biblioteca etc.);B;Bom;CONCLUIDO;
2;12;00776;Avaliação Docente UniCatolica 2026.2;224;1;91887163;Engenharia de Software;206383;6;Adequação da infraestrutura tecnológica às necessidades pedagógicas (internet sem fio, serviços digitais, sistemas etc.);B;Bom;CONCLUIDO;
2;12;00776;Avaliação Docente UniCatolica 2026.2;224;1;91887163;Engenharia de Software;206383;7;A acessibilidade aos espaços físicos;A;Excelente;CONCLUIDO;
2;12;00776;Avaliação Docente UniCatolica 2026.2;224;1;91887163;Engenharia de Software;206383;8;Adequação da limpeza e conservação dos espaços (Sala de aula, banheiros, biblioteca etc.);A;Excelente;CONCLUIDO;
2;12;00776;Avaliação Docente UniCatolica 2026.2;224;1;91887163;Engenharia de Software;206383;9;Clareza das normas de segurança para uso dos laboratórios;B;Bom;CONCLUIDO;
2;12;00776;Avaliação Docente UniCatolica 2026.2;224;1;91887163;Inteligência Artificial;206383;1;Atendimento pela Secretaria Acadêmica (agilidade e eficiência);A;Excelente;CONCLUIDO;
2;12;00776;Avaliação Docente UniCatolica 2026.2;224;1;91887163;Inteligência Artificial;206383;10;Adequação dos espaços de convivência;A;Excelente;CONCLUIDO;
2;12;00776;Avaliação Docente UniCatolica 2026.2;224;1;91887163;Inteligência Artificial;206383;11;Adequação dos serviços (terceirizados) da copiadora;A;Excelente;CONCLUIDO;
2;12;00776;Avaliação Docente UniCatolica 2026.2;224;1;91887163;Inteligência Artificial;206383;12;Adequação dos serviços (terceirizados) da lanchonete;A;Excelente;CONCLUIDO;
2;12;00776;Avaliação Docente UniCatolica 2026.2;224;1;91887163;Inteligência Artificial;206383;13;Segurança interna das unidades;B;Bom;CONCLUIDO;
2;12;00776;Avaliação Docente UniCatolica 2026.2;224;1;91887163;Inteligência Artificial;206383;14;Segurança externa das unidades;B;Bom;CONCLUIDO;
2;12;00776;Avaliação Docente UniCatolica 2026.2;224;1;91887163;Inteligência Artificial;206383;15;Comentários/Sugestões para melhorias:;;;CONCLUIDO;
2;12;00776;Avaliação Docente UniCatolica 2026.2;224;1;91887163;Inteligência Artificial;206383;2;Valorização e desenvolvimento dos profissionais;A;Excelente;CONCLUIDO;
2;12;00776;Avaliação Docente UniCatolica 2026.2;224;1;91887163;Inteligência Artificial;206383;3;Transparência e participação gestão institucional;A;Excelente;CONCLUIDO;
2;12;00776;Avaliação Docente UniCatolica 2026.2;224;1;91887163;Inteligência Artificial;206383;4;Eficácia da comunicação interna;B;Bom;CONCLUIDO;
2;12;00776;Avaliação Docente UniCatolica 2026.2;224;1;91887163;Inteligência Artificial;206383;5;Adequação dos espaços físicos para as atividades de ensino (Salas de aula, Biblioteca etc.);B;Bom;CONCLUIDO;
2;12;00776;Avaliação Docente UniCatolica 2026.2;224;1;91887163;Inteligência Artificial;206383;6;Adequação da infraestrutura tecnológica às necessidades pedagógicas (internet sem fio, serviços digitais, sistemas etc.);B;Bom;CONCLUIDO;
2;12;00776;Avaliação Docente UniCatolica 2026.2;224;1;91887163;Inteligência Artificial;206383;7;A acessibilidade aos espaços físicos;A;Excelente;CONCLUIDO;
2;12;00776;Avaliação Docente UniCatolica 2026.2;224;1;91887163;Inteligência Artificial;206383;8;Adequação da limpeza e conservação dos espaços (Sala de aula, banheiros, biblioteca etc.);A;Excelente;CONCLUIDO;
2;12;00776;Avaliação Docente UniCatolica 2026.2;224;1;91887163;Inteligência Artificial;206383;9;Clareza das normas de segurança para uso dos laboratórios;B;Bom;CONCLUIDO;
2;12;00776;Avaliação Docente UniCatolica 2026.2;224;1;91887164;Farmácia;206383;1;Atendimento pela Secretaria Acadêmica (agilidade e eficiência);B;Bom;CONCLUIDO;
2;12;00776;Avaliação Docente UniCatolica 2026.2;224;1;91887164;Farmácia;206383;10;Adequação dos espaços de convivência;C;Regular;CONCLUIDO;
2;12;00776;Avaliação Docente UniCatolica 2026.2;224;1;91887164;Farmácia;206383;11;Adequação dos serviços (terceirizados) da copiadora;B;Bom;CONCLUIDO;
2;12;00776;Avaliação Docente UniCatolica 2026.2;224;1;91887164;Farmácia;206383;12;Adequação dos serviços (terceirizados) da lanchonete;B;Bom;CONCLUIDO;
2;12;00776;Avaliação Docente UniCatolica 2026.2;224;1;91887164;Farmácia;206383;13;Segurança interna das unidades;A;Excelente;CONCLUIDO;
2;12;00776;Avaliação Docente UniCatolica 2026.2;224;1;91887164;Farmácia;206383;14;Segurança externa das unidades;C;Regular;CONCLUIDO;
2;12;00776;Avaliação Docente UniCatolica 2026.2;224;1;91887164;Farmácia;206383;15;Comentários/Sugestões para melhorias:;;;CONCLUIDO;
2;12;00776;Avaliação Docente UniCatolica 2026.2;224;1;91887164;Farmácia;206383;2;Valorização e desenvolvimento dos profissionais;B;Bom;CONCLUIDO;
2;12;00776;Avaliação Docente UniCatolica 2026.2;224;1;91887164;Farmácia;206383;3;Transparência e participação gestão institucional;C;Regular;CONCLUIDO;
2;12;00776;Avaliação Docente UniCatolica 2026.2;224;1;91887164;Farmácia;206383;4;Eficácia da comunicação interna;C;Regular;CONCLUIDO;
2;12;00776;Avaliação Docente UniCatolica 2026.2;224;1;91887164;Farmácia;206383;5;Adequação dos espaços físicos para as atividades de ensino (Salas de aula, Biblioteca etc.);D;Insatisfeito;CONCLUIDO;
2;12;00776;Avaliação Docente UniCatolica 2026.2;224;1;91887164;Farmácia;206383;6;Adequação da infraestrutura tecnológica às necessidades pedagógicas (internet sem fio, serviços digitais, sistemas etc.);C;Regular;CONCLUIDO;
2;12;00776;Avaliação Docente UniCatolica 2026.2;224;1;91887164;Farmácia;206383;7;A acessibilidade aos espaços físicos;C;Regular;CONCLUIDO;
2;12;00776;Avaliação Docente UniCatolica 2026.2;224;1;91887164;Farmácia;206383;8;Adequação da limpeza e conservação dos espaços (Sala de aula, banheiros, biblioteca etc.);C;Regular;CONCLUIDO;
2;12;00776;Avaliação Docente UniCatolica 2026.2;224;1;91887164;Farmácia;206383;9;Clareza das normas de segurança para uso dos laboratórios;B;Bom;CONCLUIDO;
2;12;00776;Avaliação Docente UniCatolica 2026.2;224;1;91887164;Terapia Ocupacional;206383;1;Atendimento pela Secretaria Acadêmica (agilidade e eficiência);B;Bom;CONCLUIDO;
2;12;00776;Avaliação Docente UniCatolica 2026.2;224;1;91887164;Terapia Ocupacional;206383;10;Adequação dos espaços de convivência;C;Regular;CONCLUIDO;
2;12;00776;Avaliação Docente UniCatolica 2026.2;224;1;91887164;Terapia Ocupacional;206383;11;Adequação dos serviços (terceirizados) da copiadora;B;Bom;CONCLUIDO;
2;12;00776;Avaliação Docente UniCatolica 2026.2;224;1;91887164;Terapia Ocupacional;206383;12;Adequação dos serviços (terceirizados) da lanchonete;B;Bom;CONCLUIDO;
2;12;00776;Avaliação Docente UniCatolica 2026.2;224;1;91887164;Terapia Ocupacional;206383;13;Segurança interna das unidades;A;Excelente;CONCLUIDO;
2;12;00776;Avaliação Docente UniCatolica 2026.2;224;1;91887164;Terapia Ocupacional;206383;14;Segurança externa das unidades;C;Regular;CONCLUIDO;
2;12;00776;Avaliação Docente UniCatolica 2026.2;224;1;91887164;Terapia Ocupacional;206383;15;Comentários/Sugestões para melhorias:;;;CONCLUIDO;
2;12;00776;Avaliação Docente UniCatolica 2026.2;224;1;91887164;Terapia Ocupacional;206383;2;Valorização e desenvolvimento dos profissionais;B;Bom;CONCLUIDO;
2;12;00776;Avaliação Docente UniCatolica 2026.2;224;1;91887164;Terapia Ocupacional;206383;3;Transparência e participação gestão institucional;C;Regular;CONCLUIDO;
2;12;00776;Avaliação Docente UniCatolica 2026.2;224;1;91887164;Terapia Ocupacional;206383;4;Eficácia da comunicação interna;C;Regular;CONCLUIDO;
2;12;00776;Avaliação Docente UniCatolica 2026.2;224;1;91887164;Terapia Ocupacional;206383;5;Adequação dos espaços físicos para as atividades de ensino (Salas de aula, Biblioteca etc.);D;Insatisfeito;CONCLUIDO;
2;12;00776;Avaliação Docente UniCatolica 2026.2;224;1;91887164;Terapia Ocupacional;206383;6;Adequação da infraestrutura tecnológica às necessidades pedagógicas (internet sem fio, serviços digitais, sistemas etc.);C;Regular;CONCLUIDO;
2;12;00776;Avaliação Docente UniCatolica 2026.2;224;1;91887164;Terapia Ocupacional;206383;7;A acessibilidade aos espaços físicos;C;Regular;CONCLUIDO;
2;12;00776;Avaliação Docente UniCatolica 2026.2;224;1;91887164;Terapia Ocupacional;206383;8;Adequação da limpeza e conservação dos espaços (Sala de aula, banheiros, biblioteca etc.);C;Regular;CONCLUIDO;
2;12;00776;Avaliação Docente UniCatolica 2026.2;224;1;91887164;Terapia Ocupacional;206383;9;Clareza das normas de segurança para uso dos laboratórios;B;Bom;CONCLUIDO;
2;12;00776;Avaliação Docente UniCatolica 2026.2;224;1;91887298;Terapia Ocupacional;206383;1;Atendimento pela Secretaria Acadêmica (agilidade e eficiência);B;Bom;CONCLUIDO;
2;12;00776;Avaliação Docente UniCatolica 2026.2;224;1;91887298;Terapia Ocupacional;206383;10;Adequação dos espaços de convivência;B;Bom;CONCLUIDO;
2;12;00776;Avaliação Docente UniCatolica 2026.2;224;1;91887298;Terapia Ocupacional;206383;11;Adequação dos serviços (terceirizados) da copiadora;B;Bom;CONCLUIDO;
2;12;00776;Avaliação Docente UniCatolica 2026.2;224;1;91887298;Terapia Ocupacional;206383;12;Adequação dos serviços (terceirizados) da lanchonete;B;Bom;CONCLUIDO;
2;12;00776;Avaliação Docente UniCatolica 2026.2;224;1;91887298;Terapia Ocupacional;206383;13;Segurança interna das unidades;C;Regular;CONCLUIDO;
2;12;00776;Avaliação Docente UniCatolica 2026.2;224;1;91887298;Terapia Ocupacional;206383;14;Segurança externa das unidades;B;Bom;CONCLUIDO;
2;12;00776;Avaliação Docente UniCatolica 2026.2;224;1;91887298;Terapia Ocupacional;206383;15;Comentários/Sugestões para melhorias:;;;CONCLUIDO;
2;12;00776;Avaliação Docente UniCatolica 2026.2;224;1;91887298;Terapia Ocupacional;206383;2;Valorização e desenvolvimento dos profissionais;B;Bom;CONCLUIDO;
2;12;00776;Avaliação Docente UniCatolica 2026.2;224;1;91887298;Terapia Ocupacional;206383;3;Transparência e participação gestão institucional;B;Bom;CONCLUIDO;
2;12;00776;Avaliação Docente UniCatolica 2026.2;224;1;91887298;Terapia Ocupacional;206383;4;Eficácia da comunicação interna;C;Regular;CONCLUIDO;
2;12;00776;Avaliação Docente UniCatolica 2026.2;224;1;91887298;Terapia Ocupacional;206383;5;Adequação dos espaços físicos para as atividades de ensino (Salas de aula, Biblioteca etc.);C;Regular;CONCLUIDO;
2;12;00776;Avaliação Docente UniCatolica 2026.2;224;1;91887298;Terapia Ocupacional;206383;6;Adequação da infraestrutura tecnológica às necessidades pedagógicas (internet sem fio, serviços digitais, sistemas etc.);C;Regular;CONCLUIDO;
2;12;00776;Avaliação Docente UniCatolica 2026.2;224;1;91887298;Terapia Ocupacional;206383;7;A acessibilidade aos espaços físicos;B;Bom;CONCLUIDO;
2;12;00776;Avaliação Docente UniCatolica 2026.2;224;1;91887298;Terapia Ocupacional;206383;8;Adequação da limpeza e conservação dos espaços (Sala de aula, banheiros, biblioteca etc.);C;Regular;CONCLUIDO;
2;12;00776;Avaliação Docente UniCatolica 2026.2;224;1;91887298;Terapia Ocupacional;206383;9;Clareza das normas de segurança para uso dos laboratórios;B;Bom;CONCLUIDO;
2;12;00776;Avaliação Docente UniCatolica 2026.2;224;1;91899650;Agronomia;206383;1;Atendimento pela Secretaria Acadêmica (agilidade e eficiência);A;Excelente;CONCLUIDO;
2;12;00776;Avaliação Docente UniCatolica 2026.2;224;1;91899650;Agronomia;206383;10;Adequação dos espaços de convivência;A;Excelente;CONCLUIDO;
2;12;00776;Avaliação Docente UniCatolica 2026.2;224;1;91899650;Agronomia;206383;11;Adequação dos serviços (terceirizados) da copiadora;A;Excelente;CONCLUIDO;
2;12;00776;Avaliação Docente UniCatolica 2026.2;224;1;91899650;Agronomia;206383;12;Adequação dos serviços (terceirizados) da lanchonete;A;Excelente;CONCLUIDO;
2;12;00776;Avaliação Docente UniCatolica 2026.2;224;1;91899650;Agronomia;206383;13;Segurança interna das unidades;A;Excelente;CONCLUIDO;
2;12;00776;Avaliação Docente UniCatolica 2026.2;224;1;91899650;Agronomia;206383;14;Segurança externa das unidades;A;Excelente;CONCLUIDO;
2;12;00776;Avaliação Docente UniCatolica 2026.2;224;1;91899650;Agronomia;206383;15;Comentários/Sugestões para melhorias:;;;CONCLUIDO;
2;12;00776;Avaliação Docente UniCatolica 2026.2;224;1;91899650;Agronomia;206383;2;Valorização e desenvolvimento dos profissionais;A;Excelente;CONCLUIDO;
2;12;00776;Avaliação Docente UniCatolica 2026.2;224;1;91899650;Agronomia;206383;3;Transparência e participação gestão institucional;A;Excelente;CONCLUIDO;
2;12;00776;Avaliação Docente UniCatolica 2026.2;224;1;91899650;Agronomia;206383;4;Eficácia da comunicação interna;A;Excelente;CONCLUIDO;
2;12;00776;Avaliação Docente UniCatolica 2026.2;224;1;91899650;Agronomia;206383;5;Adequação dos espaços físicos para as atividades de ensino (Salas de aula, Biblioteca etc.);A;Excelente;CONCLUIDO;
2;12;00776;Avaliação Docente UniCatolica 2026.2;224;1;91899650;Agronomia;206383;6;Adequação da infraestrutura tecnológica às necessidades pedagógicas (internet sem fio, serviços digitais, sistemas etc.);A;Excelente;CONCLUIDO;
2;12;00776;Avaliação Docente UniCatolica 2026.2;224;1;91899650;Agronomia;206383;7;A acessibilidade aos espaços físicos;A;Excelente;CONCLUIDO;
2;12;00776;Avaliação Docente UniCatolica 2026.2;224;1;91899650;Agronomia;206383;8;Adequação da limpeza e conservação dos espaços (Sala de aula, banheiros, biblioteca etc.);A;Excelente;CONCLUIDO;
2;12;00776;Avaliação Docente UniCatolica 2026.2;224;1;91899650;Agronomia;206383;9;Clareza das normas de segurança para uso dos laboratórios;A;Excelente;CONCLUIDO;
2;12;00776;Avaliação Docente UniCatolica 2026.2;224;1;91923157;Biomedicina;206383;1;Atendimento pela Secretaria Acadêmica (agilidade e eficiência);A;Excelente;CONCLUIDO;
2;12;00776;Avaliação Docente UniCatolica 2026.2;224;1;91923157;Biomedicina;206383;10;Adequação dos espaços de convivência;B;Bom;CONCLUIDO;
2;12;00776;Avaliação Docente UniCatolica 2026.2;224;1;91923157;Biomedicina;206383;11;Adequação dos serviços (terceirizados) da copiadora;A;Excelente;CONCLUIDO;
2;12;00776;Avaliação Docente UniCatolica 2026.2;224;1;91923157;Biomedicina;206383;12;Adequação dos serviços (terceirizados) da lanchonete;B;Bom;CONCLUIDO;
2;12;00776;Avaliação Docente UniCatolica 2026.2;224;1;91923157;Biomedicina;206383;13;Segurança interna das unidades;A;Excelente;CONCLUIDO;
2;12;00776;Avaliação Docente UniCatolica 2026.2;224;1;91923157;Biomedicina;206383;14;Segurança externa das unidades;A;Excelente;CONCLUIDO;
2;12;00776;Avaliação Docente UniCatolica 2026.2;224;1;91923157;Biomedicina;206383;15;Comentários/Sugestões para melhorias:;;;CONCLUIDO;
2;12;00776;Avaliação Docente UniCatolica 2026.2;224;1;91923157;Biomedicina;206383;2;Valorização e desenvolvimento dos profissionais;A;Excelente;CONCLUIDO;
2;12;00776;Avaliação Docente UniCatolica 2026.2;224;1;91923157;Biomedicina;206383;3;Transparência e participação gestão institucional;B;Bom;CONCLUIDO;
2;12;00776;Avaliação Docente UniCatolica 2026.2;224;1;91923157;Biomedicina;206383;4;Eficácia da comunicação interna;B;Bom;CONCLUIDO;
2;12;00776;Avaliação Docente UniCatolica 2026.2;224;1;91923157;Biomedicina;206383;5;Adequação dos espaços físicos para as atividades de ensino (Salas de aula, Biblioteca etc.);A;Excelente;CONCLUIDO;
2;12;00776;Avaliação Docente UniCatolica 2026.2;224;1;91923157;Biomedicina;206383;6;Adequação da infraestrutura tecnológica às necessidades pedagógicas (internet sem fio, serviços digitais, sistemas etc.);B;Bom;CONCLUIDO;
2;12;00776;Avaliação Docente UniCatolica 2026.2;224;1;91923157;Biomedicina;206383;7;A acessibilidade aos espaços físicos;B;Bom;CONCLUIDO;
2;12;00776;Avaliação Docente UniCatolica 2026.2;224;1;91923157;Biomedicina;206383;8;Adequação da limpeza e conservação dos espaços (Sala de aula, banheiros, biblioteca etc.);A;Excelente;CONCLUIDO;
2;12;00776;Avaliação Docente UniCatolica 2026.2;224;1;91923157;Biomedicina;206383;9;Clareza das normas de segurança para uso dos laboratórios;B;Bom;CONCLUIDO;
2;12;00776;Avaliação Docente UniCatolica 2026.2;224;1;91923157;Psicologia;206383;1;Atendimento pela Secretaria Acadêmica (agilidade e eficiência);A;Excelente;CONCLUIDO;
2;12;00776;Avaliação Docente UniCatolica 2026.2;224;1;91923157;Psicologia;206383;10;Adequação dos espaços de convivência;B;Bom;CONCLUIDO;
2;12;00776;Avaliação Docente UniCatolica 2026.2;224;1;91923157;Psicologia;206383;11;Adequação dos serviços (terceirizados) da copiadora;A;Excelente;CONCLUIDO;
2;12;00776;Avaliação Docente UniCatolica 2026.2;224;1;91923157;Psicologia;206383;12;Adequação dos serviços (terceirizados) da lanchonete;B;Bom;CONCLUIDO;
2;12;00776;Avaliação Docente UniCatolica 2026.2;224;1;91923157;Psicologia;206383;13;Segurança interna das unidades;A;Excelente;CONCLUIDO;
2;12;00776;Avaliação Docente UniCatolica 2026.2;224;1;91923157;Psicologia;206383;14;Segurança externa das unidades;A;Excelente;CONCLUIDO;
2;12;00776;Avaliação Docente UniCatolica 2026.2;224;1;91923157;Psicologia;206383;15;Comentários/Sugestões para melhorias:;;;CONCLUIDO;
2;12;00776;Avaliação Docente UniCatolica 2026.2;224;1;91923157;Psicologia;206383;2;Valorização e desenvolvimento dos profissionais;A;Excelente;CONCLUIDO;
2;12;00776;Avaliação Docente UniCatolica 2026.2;224;1;91923157;Psicologia;206383;3;Transparência e participação gestão institucional;B;Bom;CONCLUIDO;
2;12;00776;Avaliação Docente UniCatolica 2026.2;224;1;91923157;Psicologia;206383;4;Eficácia da comunicação interna;B;Bom;CONCLUIDO;
2;12;00776;Avaliação Docente UniCatolica 2026.2;224;1;91923157;Psicologia;206383;5;Adequação dos espaços físicos para as atividades de ensino (Salas de aula, Biblioteca etc.);A;Excelente;CONCLUIDO;
2;12;00776;Avaliação Docente UniCatolica 2026.2;224;1;91923157;Psicologia;206383;6;Adequação da infraestrutura tecnológica às necessidades pedagógicas (internet sem fio, serviços digitais, sistemas etc.);B;Bom;CONCLUIDO;
2;12;00776;Avaliação Docente UniCatolica 2026.2;224;1;91923157;Psicologia;206383;7;A acessibilidade aos espaços físicos;B;Bom;CONCLUIDO;
2;12;00776;Avaliação Docente UniCatolica 2026.2;224;1;91923157;Psicologia;206383;8;Adequação da limpeza e conservação dos espaços (Sala de aula, banheiros, biblioteca etc.);A;Excelente;CONCLUIDO;
2;12;00776;Avaliação Docente UniCatolica 2026.2;224;1;91923157;Psicologia;206383;9;Clareza das normas de segurança para uso dos laboratórios;B;Bom;CONCLUIDO;
